recon_loss,KL,disnt_basal,disnt_after,r2_mean,r2_var,adv_loss,penalty_adv,adv_perts,acc_perts,penalty_perts,adv_zone,penalty_zone,acc_zone,adv_status_control,penalty_status_control,acc_status_control,epoch,mode
4039.254124464187,,0.0,0.0,0.18121536599864715,0.07253853087740697,3.296108883039086,0.18644539107879002,1.7414124708260055,0.2607010677456856,0.06892539290090402,0.5164786047112625,0.04235590835412344,0.7581812317392468,1.0382177993259598,0.0751640892525514,0.46335730088495575,0,train
3302.4621474004425,,0.0,0.0,0.6009401092097202,0.11004834783860522,2.8261544493447364,0.08011479333043098,1.5641945948642968,0.3840648721804661,0.023892319488028686,0.3614674840880706,0.017994752613206703,0.8386568954560609,0.9004923843704493,0.038227721353371935,0.5984513274336283,1,train
3240.0081754701328,,0.0,0.0,0.7074009166176924,0.1113709924165965,2.7080596105187342,0.03937757715582848,1.508960957020785,0.39953230202725504,0.009523068585743507,0.3280263177852715,0.0083819582251211,0.847483407079646,0.8710723376907079,0.02147255023320516,0.6107346974642931,2,train
3212.6576867567755,,0.0,0.0,0.7438822000201176,0.11789279719131021,2.648289625623585,0.024815268566211066,1.4491468414796138,0.4435105656100585,0.004854579055681825,0.32322424017222584,0.005592881611858805,0.8429894911504425,0.8759185439717453,0.014367807942132155,0.6046275812967689,3,train
3210.2302138066925,,0.0,0.0,0.7665429729924624,0.12525105292311473,2.4592804550069625,0.017945779524743556,1.2757635633502387,0.5134553766883581,0.002900764866111179,0.31541071667344167,0.0045850221036622925,0.8449944690265486,0.8681061631810348,0.010459992469598849,0.6003180309734514,4,train
3198.34206262099,,0.0,0.0,0.7783124859081386,0.13720320928813856,2.337799943653883,0.012933748563130697,1.1520111856207382,0.5476522611833252,0.001589118222085138,0.3126210009893485,0.003589699575677514,0.8466998523315498,0.8731677584943518,0.0077549308352172375,0.5913762906483845,5,train
3191.028616306001,,0.0,0.0,0.7935222583944078,0.14538579411405392,2.2392421581048882,0.009512228077898423,1.074789747200181,0.5779787548611649,0.0010447003040462732,0.3064862552997285,0.002792763519100845,0.8520234142784524,0.8579661476928576,0.005674764290452003,0.6046967184649105,6,train
3172.0776518425055,,0.0,0.0,0.7993434242208032,0.1537076458822628,2.1558211799216482,0.008000829114268223,1.0081890299256924,0.6050127225112071,0.0008097718396068861,0.29839975683562525,0.002327533458980421,0.8574622051905741,0.8492323851163408,0.004863523857978483,0.6068399706772999,7,train
3173.4462652965985,,0.0,0.0,0.8030417167858845,0.16414813570339665,2.1037895584528425,0.00680568932245175,0.961155252646556,0.6265318161618393,0.0006211995562383284,0.2918331236702151,0.002025718738635381,0.861426069145709,0.850801175674506,0.004158771028742194,0.6095132743362832,8,train
3124.0762223868533,,1.222462279707114,1.864342406587572,0.7974615557904962,0.1773337005904504,,,,,,,,,,,,9,valid
3154.3106635439713,,0.0,0.0,0.8072899196291973,0.1687169374406712,2.1037577475066733,0.006004248137275378,0.9443066199268915,0.631953814124639,0.0004732030121764789,0.29723141863282804,0.0017768871396159132,0.8605503318584071,0.8622197134304891,0.003754157985871037,0.611933075221239,9,train
3145.2524478878595,,0.0,0.0,0.812139984861036,0.18513721709809872,2.0556479808503547,0.005061038415879011,0.9108876047936161,0.6511758989201183,0.00033793483414531995,0.2935864422964839,0.0015264497511088848,0.8609190635976538,0.8511739251887904,0.003196653826162219,0.6162887168141593,10,train
3143.446431657909,,0.0,0.0,0.8153242402721139,0.18652510247807064,1.9904717112009505,0.004668492625157039,0.8752674476235314,0.6657151295020517,0.0002734764531487599,0.28712459686583125,0.0013434201820443075,0.8646985619469026,0.8280796614368405,0.003051596001411478,0.621612278761062,11,train
3147.3738333102874,,0.0,0.0,0.817176492041415,0.19243509666355701,1.9832159344073945,0.004109625897059838,0.8669416039390901,0.6647877796033842,0.00020130637160036712,0.2879034247809807,0.0012293079177228114,0.8626705381722577,0.828370905555455,0.0026790116044382254,0.6194920724472114,12,train
3135.9201163232856,,0.0,0.0,0.8184354358915576,0.19792906342833444,1.9800429407474214,0.003757335627451539,0.8613368700035905,0.6665106806079898,0.000149285791364188,0.29288929226124183,0.0011350386504394314,0.8608499264295122,0.8258167779551143,0.0024730111829315625,0.625,13,train
3135.8216541931693,,0.0,0.0,0.8217340513041106,0.20239363371272281,1.999550566209101,0.0033340486604720356,0.8717451607231546,0.6709301578147071,0.00010522174066863954,0.2903406617388261,0.0010366589878685773,0.8615643434819922,0.8374647471757062,0.0021921679470688106,0.6209439528463161,14,train
3123.719735204646,,0.0,0.0,0.8182244450486393,0.20492727057635626,1.9683037954094136,0.002947163889184594,0.8477455773184784,0.674647090709315,9.495762962615118e-05,0.28901099077368203,0.0009114222166438897,0.8653899336283186,0.8315472349656367,0.0019407840507725874,0.6256222345132744,15,train
3124.2612628767974,,0.0,0.0,0.8241954300646225,0.2091198605978159,1.9508436285288988,0.0026469492400065064,0.8406164271641622,0.6789075099261461,9.117435159472128e-05,0.28838840463256415,0.000793094482117643,0.8662195796460177,0.8218387855892688,0.001762680400473376,0.6364998158100432,16,train
3119.4661422324393,,0.0,0.0,0.8235287840769634,0.210145927933249,1.939337471945096,0.0025311136959741513,0.8331531668658805,0.6831281011083484,8.278836103272624e-05,0.2985488491511978,0.0007344681358275315,0.8609190635976538,0.8076354584335226,0.0017138572176918388,0.6380438788802223,17,train
3117.2459770810287,,0.0,0.0,0.822217951667804,0.21221746099596658,1.9333639018303526,0.0023940825291598835,0.8259231891252298,0.674265836719918,7.526597745406131e-05,0.29363266332487087,0.0007062029625133922,0.8653668877297798,0.8138080524132315,0.0016126135922968387,0.6391500735704878,18,train
3078.2186658135774,,1.2043000678556477,1.8449277621559264,0.8138296155920555,0.2212357672054469,,,,,,,,,,,,19,valid
3109.551438053097,,0.0,0.0,0.8232475556008074,0.21760408478869223,1.9320513632445209,0.0021379347688828907,0.8215454194398053,0.6786993058909357,7.53764713590499e-05,0.2929274145744543,0.0006477021398798873,0.8649520647209302,0.8175785298896047,0.0014148561656475067,0.6370990044247787,19,train
3103.7141091675885,,0.0,0.0,0.8243221159584209,0.21835981117809503,1.9155292384392393,0.0018754330308487018,0.8119629283921909,0.6839178958825306,6.580446526641026e-05,0.29222564069570695,0.0005815767834428698,0.8601355088495575,0.8113406669777051,0.001228051787087073,0.6408554574029636,20,train
3104.9072265625,,0.0,0.0,0.8268748191251922,0.225295533527539,1.9220522905872985,0.001775574303853015,0.8161871333037858,0.682595869608685,5.8454816607991236e-05,0.2915882814378865,0.000541720191637675,0.8635923672566371,0.8142768656258035,0.0011753992907082042,0.6416851034206627,21,train
3103.080540479812,,0.0,0.0,0.8285686196118075,0.227023949331941,1.9423062010148986,0.0015818316008274754,0.8257689038209156,0.6740372083355896,5.757553095463663e-05,0.2963014314923666,0.0005177319740566114,0.8617026178182754,0.8202358510641925,0.0010065241111442446,0.6359006269315702,22,train
3093.6747722794526,,0.0,0.0,0.8241236331079134,0.22585412083909215,1.917909059904318,0.0015643607561166089,0.8171116730808157,0.6723836792253814,5.4088566491069895e-05,0.29305554484635327,0.0005049271039509525,0.8609651548672567,0.8077418508782851,0.0010053450784956416,0.645579830207656,23,train
3102.4124853083517,,0.0,0.0,0.8255462344381328,0.22722748294076714,1.9031392863366456,0.0014383417973294855,0.7983051839128005,0.6881793494773122,4.883493030016931e-05,0.2977884815329999,0.0004777816846035421,0.8567016963410167,0.807045622209532,0.0009117251743252079,0.6423303835687384,24,train
3089.898638429895,,0.0,0.0,0.8271803989501684,0.23271319935535123,1.9142608832469028,0.001349451132118702,0.8104057707617768,0.6854671139632706,4.833429329058466e-05,0.29948413530282214,0.0004476273707890262,0.8621174408271249,0.8043709872043239,0.0008534894542147716,0.6523552726855321,25,train
3095.489558127074,,0.0,0.0,0.8285406722687106,0.2325150970552108,1.9241194577343697,0.0012775515803756814,0.815415727353729,0.6847511876737122,5.6064487628949186e-05,0.30081281540668114,0.00044838027213700115,0.857346976225355,0.8078909157651716,0.0007731068145949393,0.6461790193498662,26,train
3089.010982007052,,0.0,0.0,0.8278544335905711,0.23548147074659947,1.9134696489941758,0.0011850772169418632,0.802646020872403,0.6846045440277168,4.3398299409697454e-05,0.2989166016336036,0.00041549082457398377,0.8577617992342046,0.8119070308398356,0.000726188087525467,0.6449575956943816,27,train
3085.9769600387167,,0.0,0.0,0.8295413861162482,0.23870950378134814,1.906040993411984,0.0011126076042031249,0.7986331281408799,0.6830865353082134,3.291450600954704e-05,0.2991738034560617,0.0003895202038499216,0.8606655602961515,0.8082340618150424,0.0006901728897355497,0.6494515116235852,28,train
3053.365520608836,,1.1995342990134221,1.8425034232444675,0.8149784899404653,0.23786791734054716,,,,,,,,,,,,29,valid
3075.218968214187,,0.0,0.0,0.828990459050199,0.2415221645450897,1.9191422863344176,0.0010700109197447696,0.8058477550481273,0.6842471601161282,3.9692880115277755e-05,0.30246472187274326,0.00037163783388677985,0.8576004795268574,0.8108297955673353,0.000658680199412629,0.6488984142784524,29,train
3075.916294334209,,0.0,0.0,0.8293501295918885,0.23982858196364729,1.9289429082279712,0.0009812228792967896,0.8145758921066216,0.6818168258245012,4.329889925429598e-05,0.30306891437652894,0.00035606539303747315,0.8548580381722577,0.8112981045140629,0.0005818585946690291,0.6474695796460177,30,train
3075.090833275719,,0.0,0.0,0.8290079525976316,0.24739094747747897,1.9350681115040738,0.0008907103142701089,0.8267232184916471,0.67740566276871,2.651974061639824e-05,0.29881167965652666,0.000341219852756088,0.858683628318584,0.8095332173119604,0.0005229707155376673,0.6417311946902655,31,train
3070.3245363488663,,0.0,0.0,0.8295684767452558,0.2498404615603137,1.9388884232107517,0.0008314225636422635,0.8251125554067898,0.6778778628965395,2.221042523160577e-05,0.2990670748780259,0.0003090846808239197,0.8603429203539823,0.8147087862006331,0.0005001274593329678,0.6439435840707964,32,train
3065.0453561428376,,0.0,0.0,0.8297311286309187,0.24495490632269062,1.9410395864891794,0.0007804994060037037,0.8382047240713001,0.6790143536255423,2.198717247665627e-05,0.2996345092501261,0.00028644654259551316,0.8583379424778761,0.8032003498710363,0.00047206569152573747,0.6491058257828771,33,train
3063.307098658739,,0.0,0.0,0.8302991271763419,0.25354450252683586,1.947623417440769,0.0007297774101607501,0.8389475925833778,0.6737836649460075,2.0042807494367784e-05,0.30253779967274286,0.0002768086092934633,0.8567708335091583,0.8061380143714162,0.0004329259938094765,0.6429065265486725,34,train
3064.153977115597,,0.0,0.0,0.8290387808630766,0.24993277416185106,1.9553484294266827,0.0006951093883253634,0.8433487193774333,0.6728658955709069,2.0146080969425385e-05,0.3024700078289066,0.0002640849268451954,0.8544432151634082,0.8095297117148881,0.0004108783812262118,0.6469856194690266,35,train
3059.9758365597345,,0.0,0.0,0.8298270445458122,0.2544565525448554,1.94490860310276,0.0006370186472001175,0.8270262463957863,0.6731825834881943,2.4991637207373667e-05,0.3031993011193993,0.0002411918128685405,0.8541666664908417,0.8146830501809584,0.0003708351954507331,0.6478613570200659,36,train
3057.684771242395,,0.0,0.0,0.8313502931672087,0.25468229907246287,1.9850778537513936,0.0006014418741688133,0.8561840595397274,0.6666358661862601,3.1315447170830645e-05,0.31707674581392675,0.00023167009931057692,0.8538670724472114,0.8118170600021835,0.00033845632259423534,0.6472852140401317,37,train
3054.9518502834626,,0.0,0.0,0.8294251165780709,0.254513980459259,1.982414692904042,0.0005620093375910074,0.8611438680539089,0.6683148678425139,3.192779729336811e-05,0.30365800171826796,0.00022207409337473413,0.8566786504424779,0.8176128294615619,0.00030800744988179453,0.6446349557522124,38,train
3051.1265827047414,,1.1924368512382306,1.8289538860107768,0.8173164785047553,0.2571043553216509,,,,,,,,,,,,39,valid
3056.3763546563882,,0.0,0.0,0.8285974241398739,0.2567088483791491,1.979789425841475,0.0005280306609347462,0.8593387946618342,0.664321004025704,2.2134183770200858e-05,0.30638370227760975,0.00021317969551697995,0.8547428097345132,0.8140669338471067,0.00029271678222964206,0.6465247051905741,39,train
3048.8793448389106,,0.0,0.0,0.8333681657841008,0.2607082875589572,1.9608049055116366,0.00048720476993670064,0.8477078966334858,0.6675499667108586,2.4711251050272647e-05,0.3049616017172822,0.00020287574424097935,0.8566556045439391,0.808135406633394,0.0002596177760278806,0.6461790193498662,40,train
3055.2969959900443,,0.0,0.0,0.8307305696154252,0.25761789667411295,1.9805457117283238,0.00046372671728022396,0.8613187449168315,0.6618852383267563,2.6543439040930632e-05,0.30430891608769917,0.00019407052585544685,0.8539823008849557,0.814918049141369,0.00024311275396030397,0.6443814529781848,41,train
3043.699253318584,,0.0,0.0,0.8294264950870397,0.25829175904553964,1.9803310664354172,0.0004319307941477746,0.8597328193419802,0.6654950770656619,2.1330566402563513e-05,0.30611694703059916,0.0001888225650570045,0.8486356930395144,0.8144813027002115,0.00022177766251843423,0.6470778025357069,42,train
3044.1979699599005,,0.0,0.0,0.8310870259215121,0.2606333424528709,1.9989593387705036,0.00041569328129601975,0.8743798168359604,0.6571770827327155,2.3531004541534153e-05,0.3057568119426744,0.00018453294799352686,0.8539131637168141,0.8188227035303032,0.00020762932894285768,0.6384126106194691,43,train
3044.5794321245853,,0.0,0.0,0.8308057111873857,0.2627339954911121,1.9994194191114036,0.00036818350316025316,0.8664929951186728,0.6587731644379354,1.7409469461805807e-05,0.3091279770684453,0.0001726510269024099,0.852553466252521,0.8237984486385784,0.00017812300686879704,0.6406480458985387,44,train
3033.3229872441925,,0.0,0.0,0.8314453818941039,0.2643433577855974,2.0240667330480253,0.0003579075824624548,0.8903277785377165,0.6523578604765697,1.7281729305977933e-05,0.31137886445606705,0.00017136389864996697,0.8496497051905741,0.8223600878124744,0.00016926195579192911,0.6401640857215476,45,train
3035.5960660951328,,0.0,0.0,0.8321881630277763,0.26678377838846534,2.0365101900775877,0.0003370453102979809,0.9009552561076342,0.646523761010803,1.9001235620332107e-05,0.3101792600566307,0.0001603668633227547,0.8518851399421692,0.8253756751001409,0.00015767721129426111,0.6334347345132744,46,train
3034.742356021847,,0.0,0.0,0.8312952752409283,0.2621890020880872,2.041002814748646,0.0003196179257550587,0.9083694831459923,0.6476622981109977,1.786461068453112e-05,0.305965137428942,0.00015412161320758363,0.8548810840707964,0.8266682018220952,0.0001476317002864865,0.6370068216218358,47,train
3036.642530593197,,0.0,0.0,0.8338584263601434,0.2711165374294257,2.038105216701474,0.00028836215710422645,0.9094246082601294,0.6533605087119921,1.3679451876669191e-05,0.3046322842087366,0.000141389268101193,0.8523691001191603,0.8240483276611936,0.00013329343598646423,0.6420538346324347,48,train
3016.525946255388,,1.1886221310306224,1.827013401512486,0.8232347737332487,0.25672361461422233,,,,,,,,,,,,49,valid
3033.555983821903,,0.0,0.0,0.8341895451071663,0.2639921261535037,2.035228546741789,0.0002821749955182895,0.9052777791445235,0.6482198982112175,1.3880607875762507e-05,0.30479560208927214,0.0001392133102247802,0.8525995575221239,0.8251551632332591,0.00012908107921248303,0.6387352508253756,49,train
3025.22269946073,,0.0,0.0,0.8328020910182269,0.2668344233737887,2.0613692808995205,0.00027045572312393536,0.9257005025855208,0.6387811714569024,1.62585754757553e-05,0.3112505179854621,0.0001338381699558037,0.8484743733321671,0.824418258877982,0.00012035897835933914,0.638228245013583,50,train
3024.003355313191,,0.0,0.0,0.833970729183482,0.26751570667348645,2.0789104752835974,0.00024955652207912256,0.9417599022915933,0.6370141527294058,1.6773039436278245e-05,0.31160338552652206,0.00012449192785425113,0.8515855458985387,0.8255471908940678,0.0001082915544975549,0.6376751476684502,51,train
3022.018371041897,,0.0,0.0,0.8338966364322289,0.27002469526124373,2.068555918415036,0.00023302521925264348,0.9389530821184141,0.6354581207300709,1.3485326562658883e-05,0.3074091117730183,0.00011906946844343717,0.8522999629510187,0.8221937328313305,0.00010047042364021764,0.6422842920353983,52,train
3029.6997178339325,,0.0,0.0,0.8328282101354673,0.26937060159358256,2.084944527761071,0.00021459371336580565,0.948609688113221,0.6331627635301742,1.2989983588340692e-05,0.31088888434182227,0.00010781024214035521,0.8512629054288948,0.8254459473939069,9.379348688526079e-05,0.6372833700306648,53,train
3024.1138970029037,,0.0,0.0,0.8330889243140838,0.2780824961199129,2.0896600210561163,0.00020746716201150168,0.9497399003104826,0.6325561203787812,1.202854993607616e-05,0.3081831508110055,0.00010738977784058079,0.8507328539823009,0.8317369702642998,8.804883516859263e-05,0.6356240782590039,54,train
3019.270280956167,,0.0,0.0,0.833379131087585,0.2747052261924004,2.0825127194413042,0.00019677873448623964,0.947361313136278,0.6308407889662591,1.3621272616243611e-05,0.310424217080648,0.00010109211104766777,0.8475525442477876,0.8247271865870045,8.206535053128997e-05,0.6370298672566371,55,train
3028.424612399751,,0.0,0.0,0.8337507774300379,0.2708313053535297,2.094511239929537,0.0001959544567701717,0.9596224079089882,0.626621319393141,1.702713553944098e-05,0.3101864264602155,0.00010213246171285089,0.8488431045439391,0.8247024052965958,7.679486036067829e-05,0.6380208335091583,56,train
3011.5135271190543,,0.0,0.0,0.8333027348751233,0.2735760990248116,2.0931371355478743,0.00018152796857369443,0.9529590738558136,0.6290606550410786,1.297029832736977e-05,0.3080265388815804,9.596667689038441e-05,0.8518390486725663,0.8321515126565916,7.2590994144169e-05,0.6377212389380531,57,train
3011.1584667104535,,0.0,0.0,0.8343173999747046,0.2795315976668063,2.1110562676877045,0.00018196724471636116,0.9698826475481016,0.6192316824356011,2.2677353723944785e-05,0.3124481038709657,9.03886614833027e-05,0.8475525442477876,0.8287255220708594,6.890122933934132e-05,0.6314528025357069,58,train
3008.1863382273705,,1.1934341746242565,1.8317887835850537,0.8186240491362067,0.26459964494568966,,,,,,,,,,,,59,valid
3010.339852392146,,0.0,0.0,0.8360858289333464,0.26947862839191355,2.107827913444654,0.00017424045014195145,0.9684962867635541,0.6213694122512784,1.7374554421015394e-05,0.3112780897490746,8.898972892590488e-05,0.8488200591728751,0.8280535350858638,6.787616740136097e-05,0.6331120945711052,59,train
3015.9529305517144,,0.0,0.0,0.8353881005206634,0.27882110493659457,2.1063469943747055,0.00016009249297591546,0.9657609800321866,0.6258017884946503,1.413918508963737e-05,0.3139399386348978,8.505347504978999e-05,0.8452249264295122,0.8266460652899953,6.089983258182959e-05,0.6355318954560609,60,train
3019.805566838357,,0.0,0.0,0.834383766304891,0.27698659890199606,2.1233108792684776,0.00016376755471962193,0.9831003720781445,0.6198473819325455,1.6557022887961164e-05,0.3091586623835353,8.511249897613501e-05,0.8510554939244701,0.831051843883717,6.209803250385448e-05,0.6357393069604856,61,train
3003.891366064021,,0.0,0.0,0.833442139973806,0.2814171394548674,2.1276843505623066,0.00014667297936587904,0.9886863490121555,0.6187559964910018,1.4064136109179042e-05,0.30984113187389034,7.860038065700792e-05,0.8499723451327433,0.8291568750828768,5.400846236928677e-05,0.6329277287014817,62,train
3010.7329382432245,,0.0,0.0,0.8339409754403986,0.27410897406508583,2.1283211096198156,0.00015125145689429093,0.9864380480968846,0.618319624293167,1.8006314470161063e-05,0.31569260200568006,7.655771293987831e-05,0.8453632007657954,0.8261904790338161,5.668742747123664e-05,0.6365689529781848,63,train
2998.6335859720684,,0.0,0.0,0.8356252245595939,0.2773508293778537,2.1455490958374157,0.00014598694930706795,1.0001389779875764,0.6076213654163665,1.9682791959591364e-05,0.3155476607843838,7.709204369651464e-05,0.8464002582879193,0.8298624616808596,4.921211443919068e-05,0.636545907079646,64,train
3007.0170401514106,,0.0,0.0,0.8346635560519874,0.2778902558761455,2.1518036939401544,0.00013448988281500836,1.0032393362669818,0.60690059624942,1.938396414819484e-05,0.3120181557878984,6.876855914015323e-05,0.8474603611811072,0.8365462137534555,4.6337358847570914e-05,0.6343335176991151,65,train
3004.3723879113663,,0.0,0.0,0.8351176369751878,0.2738888028877998,2.1408156156539917,0.00012944059785998738,0.9935966350335991,0.6052560884076937,1.9494353024735272e-05,0.3138048913890282,6.957500668553015e-05,0.8456627948094259,0.8334140904181826,4.037123913197623e-05,0.6327664087303971,66,train
2997.2868760370575,,0.0,0.0,0.8326091890140743,0.27705854121051293,2.1484754296530664,0.00012778740463545546,1.0069293052749295,0.6097654792587314,1.758243473886978e-05,0.30976405950774133,6.921465401925767e-05,0.8492809734513275,0.8317820677715065,4.099031621687269e-05,0.6341952433628318,67,train
3002.9491323285397,,0.0,0.0,0.8346776566927541,0.28037089736201976,2.151175169818169,0.0001215248911951979,1.0111780287945165,0.603932803711005,1.989504202356329e-05,0.3107414751981212,6.315900774400991e-05,0.8497418877297798,0.829255674792602,3.847084175504279e-05,0.6368685470218152,68,train
3000.9297801050648,,1.183102390376597,1.830888623509919,0.8159453168742539,0.2633965010215574,,,,,,,,,,,,69,valid
2992.4498647504147,,0.0,0.0,0.8352370051478929,0.2867135377428808,2.1583473481963167,0.00011303561594104394,1.01844952749995,0.5998451525131158,2.0095504102452347e-05,0.31180366517695707,5.8924947176516676e-05,0.845455383305001,0.8280941669919849,3.4015164516555766e-05,0.632121128318584,69,train
2994.0113881879147,,0.0,0.0,0.8347771553061801,0.2811663726003368,2.1530756222463285,0.0001189345526897038,1.0105754907152293,0.6043878829320976,1.7560905628973463e-05,0.3136380223837574,6.685632285856021e-05,0.8478060470218152,0.8288621079605237,3.451732479637334e-05,0.6381591078454414,70,train
2995.1081996681414,,0.0,0.0,0.8352031484749207,0.2756219585586592,2.1614237285293307,0.00010526927789517989,1.0110667342633273,0.6059464065902,1.3247118743796212e-05,0.31214081159735146,5.9701965292333624e-05,0.8506406709156206,0.8382161713279455,3.232019349525217e-05,0.630945796460177,71,train
2987.2923011442203,,0.0,0.0,0.8357902447096491,0.2808391159935609,2.1584669045642415,0.00010207780583489997,1.0142494914805995,0.5992739464329407,1.1893033758193875e-05,0.3113624419258759,6.0474789643194525e-05,0.8481517328625232,0.8328549703665539,2.9709982312245603e-05,0.633503871681416,72,train
2984.9059864145465,,0.0,0.0,0.8346849783942082,0.27845405986731,2.162598812474614,9.808124023644875e-05,1.0140879122556838,0.6035317329574476,1.3067626750853379e-05,0.3133060530619284,5.7487931529370446e-05,0.8470685840707964,0.8352048370690472,2.7525681240755754e-05,0.6368224557522124,73,train
2991.7604289097067,,0.0,0.0,0.8333236706008095,0.2802850280242338,2.169538056955928,0.00010032122091312582,1.0225757043973533,0.6006544179620996,1.720349208577924e-05,0.31333096971554036,5.5937990352200966e-05,0.8492579275527886,0.8336313873265697,2.7179738875323286e-05,0.6339647862236056,74,train
2990.0435391316373,,0.0,0.0,0.836688911209852,0.28317748919896735,2.1576478618436155,9.510797797702254e-05,1.0149943021546424,0.6041971766843205,1.6130719753467323e-05,0.3103932636765252,5.3914032226506e-05,0.8504102140401317,0.8322602937706803,2.5063226106188572e-05,0.6358775812967689,75,train
2983.2259791551437,,0.0,0.0,0.834579143372363,0.28445507127474773,2.1652684486017817,9.221053779280433e-05,1.023942920486484,0.5984515616324095,1.4218227867483317e-05,0.31263739055236883,5.236068776866887e-05,0.848704830207656,0.8286881399365653,2.5631622944880896e-05,0.6401179939244701,76,train
2977.6715725248896,,0.0,0.0,0.8360760166357237,0.2884519527074281,2.1869447009753338,8.621618515462614e-05,1.0357214497253957,0.5975002338532853,1.1741896220579898e-05,0.3236011283851303,5.1692675478989257e-05,0.8456397494383617,0.8276221340736457,2.2781613103385705e-05,0.6350479352790698,77,train
2983.3499615424503,,0.0,0.0,0.8374208681641642,0.29253447029847773,2.1774007514514753,8.222363539971411e-05,1.037141133198696,0.5954344417998748,1.2017986628052312e-05,0.31182273681712364,4.872024874202907e-05,0.8485204646017699,0.8284368831499488,2.1485400041759323e-05,0.6369146388188928,78,train
2992.867684199892,,1.1718011922877527,1.823186980530127,0.8218954176969505,0.267737382299578,,,,,,,,,,,,79,valid
2974.3835946142144,,0.0,0.0,0.8347076113526793,0.28812959549835127,2.17339105838168,8.380201897428682e-05,1.0283326722879325,0.5985104655270028,1.6532395905718054e-05,0.3115675995307686,4.720553716955086e-05,0.8505254424778761,0.8334907667826762,2.0064085935397693e-05,0.6344026548672567,79,train
2977.667223364906,,0.0,0.0,0.8353010470518863,0.2846249142843296,2.1756195895439756,8.00340177374892e-05,1.0246354953377648,0.5988684417927159,1.4734035745883982e-05,0.32019772347623265,4.519123828989299e-05,0.844441371681416,0.8307863663783116,2.0108743919990958e-05,0.6345409292035398,80,train
2977.1623772815265,,0.0,0.0,0.8357150321120516,0.2830692221991248,2.1788191373369337,8.058336922355617e-05,1.033743338247316,0.5980857091139903,1.714930863575622e-05,0.31354065529540576,4.446802723881168e-05,0.8498340707964602,0.8315351362776967,1.89660335793936e-05,0.6332273230088495,81,train
2976.338806692478,,0.0,0.0,0.8351968287373119,0.2821875381809158,2.1859197722072095,7.458039379950302e-05,1.0343397718615237,0.5963176734152094,1.3810952987114434e-05,0.31622532511179424,4.339475378704568e-05,0.8470455381722577,0.8353546747064169,1.7374686649418436e-05,0.6309227508253756,82,train
2980.0204170699667,,0.0,0.0,0.835976581923118,0.2849284007826635,2.190757881223628,7.362255545255417e-05,1.041875741123098,0.596747901059885,1.4821763240130774e-05,0.31461561016276873,4.222773005797838e-05,0.8480825956943816,0.8342665323113974,1.6573062142318427e-05,0.6340108776250771,83,train
2974.430495540653,,0.0,0.0,0.8361312249522429,0.28825918735156103,2.181750438909615,7.276598364114762e-05,1.039581018739042,0.5979365395233694,1.770257183428233e-05,0.31207439448453683,3.9147249941985745e-05,0.84801345852624,0.8300950179057839,1.5916161695107195e-05,0.6340339233917472,84,train
2967.053697974281,,0.0,0.0,0.8358095796794626,0.28928098975646005,2.1786410259989513,7.205611230650295e-05,1.0366653689240988,0.5970062821839763,1.878337884894184e-05,0.31568346205538356,3.83940973309412e-05,0.8474603611811072,0.8262921946238627,1.4878636065986938e-05,0.6338495575221239,85,train
2974.633728567478,,0.0,0.0,0.836176354408004,0.2898626967183203,2.1993704833815584,6.626945575893236e-05,1.059693753191855,0.5927185331072126,1.4748521789442747e-05,0.3122842652739677,3.644613435123271e-05,0.8489352876106194,0.8273924684102556,1.5074799630383496e-05,0.6356010326242025,86,train
2968.2179635647126,,0.0,0.0,0.8356191905133576,0.286887919243602,2.190988831815466,6.197136540625555e-05,1.0493917380814004,0.5836219240342622,1.1973253507070088e-05,0.31131137591020197,3.581350543148195e-05,0.8506637168141593,0.8302857211205812,1.4184606455576916e-05,0.6334808260466145,87,train
2971.4286158738937,,0.0,0.0,0.8368509212795954,0.2904359109369329,2.19106908815097,6.064630365775277e-05,1.0444547882122277,0.5916510182144368,1.1028861663362478e-05,0.31442831614903644,3.498936976635984e-05,0.8478751841899568,0.8321859978996546,1.4628072264410245e-05,0.6319137168141593,88,train
2974.9544214709053,,1.1726936315948921,1.8167007515645779,0.8218642459931613,0.2694266003905334,,,,,,,,,,,,89,valid
2962.803857853982,,0.0,0.0,0.8371019705256817,0.2904284831741126,2.1873582432755327,5.6217350356746464e-05,1.0451296119563347,0.5928792895468991,1.0043807439312028e-05,0.3134263502021806,3.368643866754913e-05,0.8473912240129656,0.8288022786115123,1.2487104080112961e-05,0.6339186946902655,89,train
2962.9890287956305,,0.0,0.0,0.8379093113374806,0.2910357922576662,2.191930732895843,5.376139291911386e-05,1.0506260068015714,0.5920861549345793,9.617654025835994e-06,0.31368156964272526,3.237996201884623e-05,0.8449483777569459,0.8276231520998795,1.1763777226102926e-05,0.632973820234822,90,train
2961.1919852737833,,0.0,0.0,0.834091381441047,0.28938026208718753,2.210440757000341,5.3674662194680425e-05,1.066702725085537,0.5799972016726975,1.0220145747249868e-05,0.31230653782861423,3.2561831879623545e-05,0.8505023965793373,0.831431492240028,1.0892684464730943e-05,0.6308305680224325,91,train
2963.1342708621405,,0.0,0.0,0.8383744539235041,0.29407808505903893,2.1873823984534337,5.055133680192133e-05,1.0452237034265974,0.5920308150548851,9.770929579341707e-06,0.31213253696935367,3.011426619195845e-05,0.8501567107386294,0.8300261571344021,1.066614094270335e-05,0.6357162610619469,92,train
2969.9323968127765,,0.0,0.0,0.8380571994280223,0.2887119287523592,2.193732359768015,4.983236023690552e-05,1.0525249981247218,0.586503889444655,9.564650384466706e-06,0.3142504312295829,2.9940565873403102e-05,0.8492809734513275,0.8269569267213872,1.0327143972972409e-05,0.6395418512082733,93,train
2964.4626702502765,,0.0,0.0,0.8380318327559965,0.29384503645764715,2.216122952182736,5.226551889791153e-05,1.0693778100266922,0.5840794405842249,1.2268333290800608e-05,0.3134643261411549,3.0155419275009383e-05,0.8492118362831859,0.8332808107401417,9.841766047126536e-06,0.6367533185840708,94,train
2956.6061774059735,,0.0,0.0,0.8365219212357927,0.2935068396056648,2.223456159102178,4.9443393557642897e-05,1.0793916535588493,0.5775427877639248,1.0921761489347167e-05,0.3128221311268553,2.9308649463928304e-05,0.8488661504424779,0.8312423735593273,9.212982725633385e-06,0.6359697638359745,95,train
2957.8540903277103,,0.0,0.0,0.8371824808342694,0.30042003528142974,2.218066163822613,4.9436032713856545e-05,1.0733223066920727,0.585914433793684,1.0923092365070867e-05,0.3131218870392943,2.9888456192566083e-05,0.8469533556330521,0.8316219617835189,8.624484259295665e-06,0.6361080384359951,96,train
2953.6809319690265,,0.0,0.0,0.8380186998207013,0.2956227493896206,2.2288656593424028,4.550650041589203e-05,1.0772317378921847,0.577453797633669,8.347738469941154e-06,0.32058698901560456,2.866212036072587e-05,0.8448101034206627,0.8310469288741593,8.496641445769152e-06,0.6351862096153529,97,train
2950.6016121923394,,0.0,0.0,0.8375000973094466,0.30099865862076186,2.208754714611357,4.494618930038996e-05,1.0611972840486374,0.5853972804229871,6.883163447734357e-06,0.3140430381867738,2.8609116658723602e-05,0.8463772123893806,0.8335143834088756,9.453909193932e-06,0.6321902654867256,98,train
2996.861706963901,,1.1790775737798704,1.8178472189780113,0.8253263018667885,0.28746210384757587,,,,,,,,,,,,99,valid
2950.8222332169526,,0.0,0.0,0.8374698849258483,0.295070279936149,2.218868091043118,4.179781962496539e-05,1.0749089538523582,0.5829191569205934,7.678638121433324e-06,0.3126953678057257,2.6355895533924924e-05,0.8459162981109282,0.8312637732092258,7.763286127252893e-06,0.6343335176991151,99,train
2949.6635634160675,,0.0,0.0,0.8370720309718189,0.29792594973113345,2.223216207681504,4.32487082919882e-05,1.08138062890652,0.5775973092665715,1.0654957823135191e-05,0.31462721579370245,2.5126285412018963e-05,0.8476216814159292,0.8272083749813316,7.467464965884573e-06,0.6374216443669479,100,train
2961.535892992948,,0.0,0.0,0.8358230666237625,0.29360755096665775,2.208318344259684,4.075495434032443e-05,1.0652791973763862,0.580728960775696,8.481414897687501e-06,0.3166292677674673,2.4771352642953084e-05,0.8445335547480963,0.8264098821488102,7.5021872059248075e-06,0.6350248893805309,101,train
2947.267146017699,,0.0,0.0,0.8345489745621671,0.2907016475626792,2.2116076060100993,4.077820107340813e-05,1.0769979995963848,0.5800120159324291,8.760342158590598e-06,0.3119017007076635,2.4681619979673997e-05,0.8488661504424779,0.8227079046511017,7.336238844194061e-06,0.6385508849557522,102,train
2947.564252195105,,0.0,0.0,0.8392224413886076,0.29257767818945923,2.1971998678899443,3.813809162238613e-05,1.062915032943793,0.5789833638520367,7.641539247439747e-06,0.31329593009653345,2.3600245452447173e-05,0.8456627948094259,0.8209889008935574,6.8963070467968165e-06,0.6402332228896892,103,train
2953.728128888966,,0.0,0.0,0.8380461376898113,0.2960823115971487,2.2156306505203247,3.6018419074631916e-05,1.0770533021572417,0.5872261735190333,5.929563467361732e-06,0.31527848897782046,2.2719836803541208e-05,0.8464924408271249,0.823298874154555,7.3690189674380236e-06,0.6373064159292036,104,train
2950.1487399751104,,0.0,0.0,0.8380698047632589,0.2934098247834222,2.221906576536398,3.6269714352480754e-05,1.0636546110684892,0.5837586772652854,7.0084662426476525e-06,0.33576890100947526,2.2749602261076993e-05,0.8404775074625437,0.8224830680188879,6.511645927578987e-06,0.6369376844536941,105,train
2943.756898593059,,0.0,0.0,0.8366437851720575,0.2992043672408119,2.208144460104208,3.584906592247232e-05,1.0762972594362445,0.5771634566836652,6.778917516688429e-06,0.3085707012003502,2.2509236659971067e-05,0.8501797566371682,0.8232765145006433,6.560911739749524e-06,0.6409245945711052,106,train
2944.1092540099557,,0.0,0.0,0.8385296008789982,0.29304028885454964,2.221061512432267,3.4204231512073116e-05,1.078345803032934,0.5807903866588542,6.498783501835229e-06,0.31420548115156394,2.175420910740892e-05,0.8459393434819922,0.8285102237642339,5.951238763373112e-06,0.6348866150442478,107,train
2944.923162679757,,0.0,0.0,0.8393383202710291,0.29643154819608386,2.208872805654475,3.097639232388853e-05,1.0744793873972598,0.5833202996085175,6.127864532269693e-06,0.3126948005066509,1.9875818531242354e-05,0.8458241150442478,0.8216986107615243,4.972709390737388e-06,0.638596976225355,108,train
2949.8672632677803,,1.1635247884201099,1.8107829436089615,0.8235734425696699,0.2833993276131779,,,,,,,,,,,,109,valid
2953.4448134160675,,0.0,0.0,0.83960361701453,0.29942734486000816,2.211522682578163,3.074490819320393e-05,1.0741389773588266,0.578756997806836,6.850946823154421e-06,0.3110716415453801,1.943774133299788e-05,0.8476908185840708,0.8263120614321886,4.45622007343142e-06,0.6388735248979214,109,train
2944.126881827295,,0.0,0.0,0.8371620229375898,0.2936886792884564,2.2155603687320133,3.337767457802935e-05,1.0741904008705003,0.5747266061010614,7.268725379011206e-06,0.31454213372374,2.145862417819444e-05,0.8483591443669479,0.8268278367751467,4.650325226975838e-06,0.6323285398230089,110,train
2942.262747165376,,0.0,0.0,0.8390341293126112,0.2971320978246627,2.233072759830846,3.241096970062548e-05,1.094715175902949,0.5675973157703349,8.426698768744245e-06,0.31711946414635245,1.91049507096371e-05,0.8428051255445564,0.8212381110782117,4.879320228307431e-06,0.638919616694999,111,train
2943.0476095824115,,0.0,0.0,0.8390040136706229,0.2954781468939227,2.2175201515180873,3.357846871949732e-05,1.0849637885009293,0.5737303089251561,1.0341752034340364e-05,0.3120968896335205,1.8579677647115507e-05,0.8479673672566371,0.8204594797792688,4.657038816731074e-06,0.6383434734513275,112,train
2937.69172168833,,0.0,0.0,0.8376796597971571,0.2956598915977868,2.2204355433978864,3.453482834932705e-05,1.0891109346288494,0.574932814963096,1.0124096121823337e-05,0.31758368832875145,1.976777391973883e-05,0.8428512168141593,0.8137409241326088,4.64295849269547e-06,0.643183075221239,113,train
2934.8719428408463,,0.0,0.0,0.8376969334924507,0.29964839798426707,2.2277304218933645,3.163437048594157e-05,1.0873406798438687,0.5752392442880478,8.405240247763383e-06,0.3151211931114703,1.8477002425546136e-05,0.8445105088495575,0.8252685386522681,4.752127670144546e-06,0.6334808260466145,114,train
2936.603902361034,,0.0,0.0,0.8387239416021154,0.29765201654700063,2.2185395534059644,3.151746881485451e-05,1.0829182156419332,0.5728558829400392,9.23406698954447e-06,0.31464814269437197,1.7701703606386823e-05,0.8450175149250875,0.820973194278447,4.581697955169754e-06,0.6366380901463264,115,train
2937.037558766593,,0.0,0.0,0.838940215595859,0.29886667125763516,2.2188417848232573,2.8340303057727093e-05,1.0843674218760126,0.573855104699599,6.825916868062147e-06,0.3110789900596163,1.7070826167279544e-05,0.8495575221238938,0.823395370909598,4.443560098176628e-06,0.6414776919162379,116,train
2938.228554514657,,0.0,0.0,0.840460420675962,0.2993720341290863,2.213234198831879,2.7518533970578572e-05,1.0798872740922776,0.5760898429208097,6.668130933273157e-06,0.31591210692329746,1.685222365874021e-05,0.8447640116235852,0.817434807794284,3.9981792997423326e-06,0.637052913155176,117,train
2933.772638101493,,0.0,0.0,0.8370288578456938,0.29651387063362805,2.220817875018162,2.6777930712948244e-05,1.087090091895213,0.5789550566567784,6.9514076070239145e-06,0.31580574586328153,1.5650931527488864e-05,0.8455245204731426,0.8179220335673442,4.1755915450873245e-06,0.6386430680224325,118,train
2949.9982152478447,,1.1676171079180704,1.8141000464709307,0.8199739029589648,0.29210524994323955,,,,,,,,,,,,119,valid
2935.119717488247,,0.0,0.0,0.8389387658182058,0.30046394078735467,2.226334481112725,3.0136320516855147e-05,1.096420732747137,0.570357535792663,9.601149752901013e-06,0.31237871575672016,1.605565147959472e-05,0.8459854352790698,0.8175350343231607,4.4795192297897306e-06,0.6391270281994237,119,train
2934.708457204093,,0.0,0.0,0.8406055068356189,0.29736244304133086,2.2368384800126067,2.6736139964972002e-05,1.1007567211589981,0.5673240322982316,6.44684048287066e-06,0.31457866978856314,1.6429761841815587e-05,0.8460084806501338,0.821503101724439,3.859537588747723e-06,0.639749262712698,120,train
2931.3080730607026,,0.0,0.0,0.8378724861350808,0.3027490870210402,2.2505438897462016,3.255260099346439e-05,1.0847361446481891,0.5743787747568789,9.321516984831153e-06,0.3409715165606642,2.0092503715810985e-05,0.8398552729492694,0.8248362361857321,3.13858001694219e-06,0.6345409292035398,121,train
2931.8744533842646,,0.0,0.0,0.8406594597702315,0.30169635238669607,2.2472818478018834,2.8648096340475603e-05,1.0943344203771743,0.5677663137954948,9.297783805474561e-06,0.3298609761801441,1.5748674789695846e-05,0.8422059366660836,0.8230864495302723,3.6016376270708863e-06,0.6400027654867256,122,train
2933.089839428927,,0.0,0.0,0.8389712012519291,0.29716730577221623,2.234931934196337,2.5522178378499425e-05,1.094923918226124,0.5734672562210961,6.983642839865449e-06,0.3178883355803194,1.52638823177161e-05,0.8434504054288948,0.8221196880382774,3.2746531663481923e-06,0.6372142331262606,123,train
2928.804607560149,,0.0,0.0,0.838808775150276,0.30224140180725156,2.2313577538043,2.643984919510937e-05,1.0948227570120213,0.5688866535119251,7.793759104970377e-06,0.31697635946020614,1.4782692451262847e-05,0.8428973080837621,0.8195586304749007,3.8633975570216236e-06,0.6406480458985387,124,train
2929.001657131499,,0.0,0.0,0.8386448148739496,0.30162048866417324,2.2389401967546583,2.7930918755979897e-05,1.0950142883621485,0.5697677502062468,8.802275860944064e-06,0.3283061095043621,1.482871055486612e-05,0.8415837021528092,0.8156198046903694,4.299932391707746e-06,0.6423534292035398,125,train
2918.5899701413855,,0.0,0.0,0.8381657114686192,0.3052708406616352,2.2313036095779553,3.0241145723266527e-05,1.090691965238183,0.5689360842240595,1.1579216340275403e-05,0.3174793378705472,1.4590015998692252e-05,0.8476677726855321,0.8231322944691751,4.071913372172275e-06,0.6394496681415929,126,train
2924.695632259403,,0.0,0.0,0.8389417293055543,0.3002603774355079,2.2385268032023338,2.8681844002373208e-05,1.086474981983151,0.5768668013336384,1.1188536088108474e-05,0.3201902841044738,1.4567277297222366e-05,0.8445335547480963,0.8318615381696582,2.9260306958652413e-06,0.6356701696604754,127,train
2925.788103221792,,0.0,0.0,0.8401719820698599,0.30543143639014536,2.242606284344091,2.2194554621819406e-05,1.1092729157051153,0.5636585070627981,5.6454326022503665e-06,0.31689587855233553,1.3847426780557725e-05,0.8442570060755299,0.8164375018229527,2.7016951450301954e-06,0.638758296460177,128,train
2964.743930158944,,1.1751854424963446,1.8199775756095482,0.8257566919848883,0.27710722717312725,,,,,,,,,,,,129,valid
2919.260599592091,,0.0,0.0,0.8389755036493034,0.304672865985978,2.2254685490532258,2.3738356758258307e-05,1.0912635083747122,0.569134584570353,7.1057733900185365e-06,0.3171545944910134,1.4116915638927214e-05,0.8460776178182754,0.8170504343193189,2.515667723249256e-06,0.6391731194690266,129,train
2919.7229695277933,,0.0,0.0,0.8384599141394817,0.30452551202205214,2.226324561422905,2.1674137897207402e-05,1.088714937193204,0.571992221923001,6.076215413486352e-06,0.311624395900068,1.32540830115128e-05,0.8456858407079646,0.8259852312307442,2.3438396313698224e-06,0.6369837759870344,130,train
2915.6109565127213,,0.0,0.0,0.8389283289578952,0.3046069863484067,2.2381189787282354,2.12715931168835e-05,1.09784152444485,0.5660041586487694,6.2051569087392025e-06,0.3176188033766451,1.2819808537945694e-05,0.8415606565180078,0.8226586406209827,2.2466275807649558e-06,0.638228245013583,131,train
2920.6415950808905,,0.0,0.0,0.8404677012241131,0.30710284766654933,2.2379276362140623,2.0790069805419382e-05,1.101100937982576,0.5672660102095224,6.179922068743811e-06,0.3144211477674214,1.2471745612856467e-05,0.8461698008849557,0.8224055582443169,2.1384020889551416e-06,0.6348174778761062,132,train
2911.487845901894,,0.0,0.0,0.8400046417827578,0.30330845420188257,2.2410442660340166,1.9052115676458924e-05,1.1032936968634615,0.5640657475564332,4.867555774884143e-06,0.3143279929604151,1.1858285097332555e-05,0.8446026919162379,0.8234225738365039,2.3262748770018032e-06,0.6343335176991151,133,train
2923.2574776168417,,0.0,0.0,0.8398804006034546,0.30202479433481866,2.2612712478215715,2.0119711892524112e-05,1.1127410747308646,0.566713587780084,5.590015362031408e-06,0.316998188474537,1.2520128475443926e-05,0.8445566001191603,0.8315319867260689,2.009568079301971e-06,0.6348405236427763,134,train
2923.8352742152933,,0.0,0.0,0.8387403758884063,0.29659373131797606,2.224688941398553,2.0337296834137912e-05,1.094424110070794,0.5727978190489574,6.3413428021400855e-06,0.316838378927349,1.2241682573706688e-05,0.8452479718005763,0.8134264603125311,1.7542714931551018e-06,0.641500737287302,135,train
2919.1048508365598,,0.0,0.0,0.8377345364431533,0.29918777412145786,2.2354816398789397,2.050945654142803e-05,1.0993715788410827,0.5681598075723227,6.368832400767133e-06,0.31709190860258796,1.1930777157734458e-05,0.8440726399421692,0.8190181497978953,2.2098469586732488e-06,0.6342643805309734,136,train
2911.1467436393805,,0.0,0.0,0.8391850219435981,0.29788897130099573,2.2340090696790575,2.2645839732528353e-05,1.1010252785893668,0.5708370366982655,7.97366057668114e-06,0.31260457226132926,1.2512745549126218e-05,0.8440495945711052,0.820379242432856,2.1594335961102235e-06,0.6360158556330521,137,train
2911.089919368778,,0.0,0.0,0.8400957713609672,0.30377154243883425,2.24189084293568,2.1574788940294337e-05,1.1054879453329913,0.5709871238311836,7.706465506392609e-06,0.31858783446054545,1.1466554569778964e-05,0.8437269541014613,0.817815061691588,2.4017687701416434e-06,0.6384126106194691,138,train
2951.3689722521553,,1.1628864477837655,1.8074246106799394,0.8242062848517415,0.29080353896160305,,,,,,,,,,,,139,valid
2923.2443393943586,,0.0,0.0,0.8381355909963812,0.2977549096699869,2.232692053887696,1.9132524224308628e-05,1.1013225522716488,0.5688460245069149,5.767907784199148e-06,0.31618082628840893,1.1095621042234901e-05,0.842874262712698,0.8151886653056187,2.2689953842321603e-06,0.6411320060755299,139,train
2915.958012133573,,0.0,0.0,0.8377875772088551,0.29950473141523215,2.241189958774938,1.8765106882104496e-05,1.1065112642482318,0.5662268247224588,4.7685549543530216e-06,0.31778818975507683,1.0929107423483705e-05,0.8434504054288948,0.816890502397993,3.067444589153941e-06,0.6414316003828977,140,train
2916.648219285813,,0.0,0.0,0.8407376150227814,0.3070475895637951,2.2263862263839855,1.910745644030006e-05,1.0999456137682484,0.5748533071683986,6.068691673135617e-06,0.3146572429521949,1.0574024981906405e-05,0.8462158921545586,0.8117833596415225,2.464739780710564e-06,0.6459716078454414,141,train
2915.2650200497787,,0.0,0.0,0.8366883163515632,0.2989827950128819,2.2504901558951995,1.9739678488501038e-05,1.118671528006022,0.5654886051089363,6.185978351519831e-06,0.31641688982469846,1.100026347558014e-05,0.8414915193498662,0.8154017271193783,2.5534364901128964e-06,0.638919616694999,142,train
2912.302533445105,,0.0,0.0,0.8383774626857149,0.3001227163210102,2.228008993959005,1.9412525895556123e-05,1.099805245357277,0.5688680842914412,5.764201850979589e-06,0.31545551424532864,1.0735377024199504e-05,0.8447640116235852,0.8127482501806411,2.912947126484748e-06,0.6386661133934967,143,train
2909.337326724972,,0.0,0.0,0.8388262932290288,0.3051636864974356,2.218263467856213,1.837777228502091e-05,1.0898191000507995,0.5763324038908545,5.015894863997043e-06,0.3147693803880067,1.0751391261389169e-05,0.8449022859598683,0.8136749911097299,2.6104861854037154e-06,0.6428604352790698,144,train
2914.043195606333,,0.0,0.0,0.8412244075853198,0.30384131468166525,2.2293913311662927,1.8333897678530775e-05,1.0992180562652318,0.5691004079000085,5.075882096813681e-06,0.3183924185227504,1.0400117510774483e-05,0.8433812682607532,0.811780838312301,2.8578980224362262e-06,0.6437131266678329,145,train
2907.9914658808075,,0.0,0.0,0.8415973256508367,0.30679940691891777,2.2159464791812726,1.940148154972121e-05,1.087234833599192,0.5707033867329623,6.948209957045037e-06,0.3109606702243332,1.0142520459339721e-05,0.8475986355173905,0.817750977731384,2.3107510878617176e-06,0.6373294618277423,146,train
2911.2600119261615,,0.0,0.0,0.8392298390439059,0.30866466233145484,2.2233317963844907,1.8871457941713744e-05,1.0941778400302988,0.5692430019906137,6.502205984967683e-06,0.31943649673356417,1.0011656834952495e-05,0.8442109142784524,0.8097174700382537,2.357595129372688e-06,0.646409476225355,147,train
2909.078660813053,,0.0,0.0,0.8385089010603368,0.30561008032610243,2.2147344108176443,1.9557229437244434e-05,1.0846717199393079,0.5734292018202554,7.1736611729041516e-06,0.3161734196200835,9.470353537229434e-06,0.8437269541014613,0.81388926954396,2.9132147240792013e-06,0.6416390116235852,148,train
2964.6148050242455,,1.1666619790170414,1.814135484168001,0.8221381292466987,0.27200281068318727,,,,,,,,,,,,149,valid
2913.240398575774,,0.0,0.0,0.8395592309327337,0.3105671081130282,2.2303416908314797,2.041646308498457e-05,1.0975538202091657,0.5665425592291672,8.503433170214218e-06,0.3153936368437995,9.482789294755397e-06,0.8457319319775675,0.8173942370752317,2.430240568476923e-06,0.6421460176991151,149,train
2907.540069310011,,0.0,0.0,0.8379275676510033,0.30010487280193143,2.248035021587811,2.0570410197251476e-05,1.0904526546993087,0.5731943869485264,8.022988434580233e-06,0.34264438896052607,9.543227770336671e-06,0.837343289129502,0.8149379634224208,3.004193883195209e-06,0.6435057151634082,150,train
2910.903653035122,,0.0,0.0,0.8420457645897947,0.3092950857418041,2.233613684114102,2.149901866990452e-05,1.099153082455154,0.5637321263815449,8.905214787470565e-06,0.3181827330747537,9.515215327458766e-06,0.8423442107386294,0.81627787900182,3.078588382171195e-06,0.641500737287302,151,train
2911.1051749170356,,0.0,0.0,0.8400949761178309,0.30398746466189847,2.2178990028600776,1.862458627632198e-05,1.0933673814334701,0.5677770323457971,6.42534929284011e-06,0.31691073962544974,9.534629971312824e-06,0.8442109142784524,0.8076208756033298,2.6646070030741005e-06,0.6444736355173905,152,train
2904.6787303823285,,0.0,0.0,0.8392704081926564,0.30075065730092965,2.227001950804111,2.033548485390687e-05,1.0962492042938166,0.5641352647701195,8.530532256069515e-06,0.3191575167980869,8.979799094959162e-06,0.8424594397038485,0.8115952183715011,2.825153468014226e-06,0.6420307892613706,153,train
2910.168418141593,,0.0,0.0,0.8431348084107073,0.3069763928249147,2.224537943316772,1.863839657744393e-05,1.0969359890549584,0.5695666014093214,6.933353615750093e-06,0.31046035252841175,8.803879615394786e-06,0.849695796460177,0.8171416088543108,2.901163322045856e-06,0.6388274336283186,154,train
2904.6362801610894,,0.0,0.0,0.8403393150314449,0.3045567924419054,2.232208670768063,1.8256590446981136e-05,1.0976016067825587,0.5684982099100552,6.701560626728072e-06,0.31541420987485785,8.423850934680861e-06,0.8455475663716814,0.8191928573414288,3.13117886131901e-06,0.6429295724472114,155,train
2900.900327969441,,0.0,0.0,0.8402489825366009,0.307723431828104,2.23893829995552,2.1222944633336736e-05,1.1069377966686689,0.571191343058527,9.348830017188448e-06,0.31546917135736585,8.836257699537478e-06,0.8443491886147355,0.8165313311382733,3.037856813534745e-06,0.6364767699115044,156,train
2898.8361967643805,,0.0,0.0,0.841052050884249,0.3103018673490705,2.226813657093892,1.6746857387867445e-05,1.096173127140619,0.569548883005581,5.503065409963407e-06,0.3159391161351077,8.584304347702225e-06,0.8481978246596007,0.8147014300380133,2.65948758169543e-06,0.6353014380530974,157,train
2903.613285571073,,0.0,0.0,0.8418116444134208,0.3045060291019236,2.255230225292982,1.6885646922067583e-05,1.1153147115116626,0.560306742754394,5.627981378590145e-06,0.31605688686919425,8.605406934899899e-06,0.8472529496766824,0.8238586419451553,2.6522586131250137e-06,0.6352092552501544,158,train
2947.771981074892,,1.1527911098321342,1.8126793063899944,0.8193440972275757,0.285064321430256,,,,,,,,,,,,159,valid
2894.568026652378,,0.0,0.0,0.8393884290905241,0.30691391959175757,2.2364743241166645,1.842094219076292e-05,1.1075730091702622,0.5595783484786485,7.144480217296708e-06,0.3158423286096185,9.080971255267892e-06,0.8429664452519037,0.813058983435673,2.195490766704703e-06,0.640463679765178,159,train
2906.00595227807,,0.0,0.0,0.8421980956664782,0.2996602577818985,2.238535872602885,1.8979884419726053e-05,1.1060344940793199,0.5660029726218333,7.916455761005636e-06,0.31545201339552886,8.526983771541078e-06,0.8434504054288948,0.8170493756775308,2.536444962970563e-06,0.6380899706772999,160,train
2900.0526565956857,,0.0,0.0,0.8377096139513293,0.30047744693137013,2.2438017478031393,1.6851210796933933e-05,1.1096738413371872,0.5618495157862131,5.948339767201105e-06,0.3209253453311667,8.6613246488317e-06,0.8406388274336283,0.8132025493984729,2.2415464006068456e-06,0.6426991150442478,161,train
2902.329123167865,,0.0,0.0,0.8408446053877016,0.30702519627736924,2.2342632977308425,1.619941587705398e-05,1.1055658644279547,0.5615892365442968,5.585994555682798e-06,0.3160229730131352,7.984228450368391e-06,0.8462619839516361,0.8126744559380861,2.629192858876195e-06,0.6420307892613706,162,train
2903.033851285951,,0.0,0.0,0.8417243110295936,0.312980511677763,2.258504262012718,1.6860479554452468e-05,1.1093043716607895,0.5641905908036021,6.074717730371049e-06,0.32880384600268003,7.57849858928239e-06,0.8461698008849557,0.8203960467228847,3.2072631984192414e-06,0.6334577802799445,163,train
2899.2857568791483,,0.0,0.0,0.8409242849370524,0.30714425112282673,2.2297658076328513,1.7430678659972425e-05,1.1046981742951723,0.5624977619247099,7.1134976800143096e-06,0.31630321084398083,8.284088974808887e-06,0.844740966252521,0.8087644223618297,2.0330920688138577e-06,0.6441509955752213,164,train
2899.750155558628,,0.0,0.0,0.8405446604093805,0.30674484562879123,2.2437298382278037,1.7024452026817017e-05,1.1095467890258384,0.5702583534000194,7.027913118993941e-06,0.32005913832546334,7.86934432956817e-06,0.841353245013583,0.814123911667714,2.127194425156631e-06,0.6429756637168141,165,train
2900.419740389934,,0.0,0.0,0.8378839703776029,0.30379195842308093,2.2353928743210516,1.5042775000135104e-05,1.1061263859799477,0.5679867177937938,5.127877884660848e-06,0.31682285837895047,7.852720476269799e-06,0.8462850293227001,0.8124436145335172,2.062176657394351e-06,0.644704092920354,166,train
2904.19819897677,,0.0,0.0,0.8408396936147168,0.309358989680831,2.238681311100985,1.4947742674848997e-05,1.1133391208353296,0.5594435297282396,4.9479006095983395e-06,0.31591443783414047,7.903907311022826e-06,0.8443491886147355,0.8094277513765655,2.0959347602911295e-06,0.6429756637168141,167,train
2896.422438900028,,0.0,0.0,0.8419016256843727,0.3091049367031046,2.2298934016607506,1.5981592562942143e-05,1.1082379564774776,0.5642428738353527,5.892027572069007e-06,0.31226932382689115,7.503414775176982e-06,0.8449253318584071,0.8093861035541096,2.586150305129801e-06,0.6409245945711052,168,train
2968.0260641163795,,1.1731672087409069,1.8225519050949737,0.8220273941684036,0.28913500027794536,,,,,,,,,,,,169,valid
2913.4348425400995,,0.0,0.0,0.8425620921974074,0.3051663338364397,2.2314351364574603,1.6299609390747114e-05,1.1081316734837219,0.559546877984452,6.784026973036816e-06,0.31280046022307556,7.312297472405286e-06,0.8455475663716814,0.8105030054539706,2.2032850635393214e-06,0.6438974928011937,169,train
2899.8798331201606,,0.0,0.0,0.8405071677677164,0.30701233546357365,2.2306169355865073,1.3965442885819357e-05,1.10549532364955,0.5629454640160619,4.583878935591202e-06,0.31603185489641883,6.998394073889358e-06,0.8456627948094259,0.809089749787761,2.3831698702754997e-06,0.6390809366660836,170,train
2897.410361500968,,0.0,0.0,0.8403880338457601,0.3139037939170172,2.2339928361166894,1.651884410724354e-05,1.1085855491393435,0.5644823634518986,7.248203273775289e-06,0.3146586515734681,7.187928628506294e-06,0.8451788346324347,0.8107486330302416,2.0827120867276487e-06,0.6419846974642931,171,train
2893.599054117118,,0.0,0.0,0.8413930798266752,0.3115206801059828,2.2309807739426604,1.7836042158402657e-05,1.1075051822493562,0.5651931396100374,8.417736298724776e-06,0.3175300917530482,7.204134223381213e-06,0.8460315265486725,0.8059454903138422,2.2141716635815103e-06,0.6437822638359745,172,train
2893.4799350974836,,0.0,0.0,0.8402743902925821,0.3142616707973994,2.235381311019965,1.5798384483787232e-05,1.110161836695882,0.5644835405117643,6.641968720941804e-06,0.3157178923092057,6.9806238995321714e-06,0.8450405602961515,0.809501572520332,2.175791931525358e-06,0.6415929203539823,173,train
2892.563275632605,,0.0,0.0,0.8414018358119727,0.30642757492601436,2.2176116567797366,1.5679548062810985e-05,1.0957451225382038,0.5711161760629806,6.288118535546042e-06,0.31633086344309613,6.81000754411798e-06,0.8473451327433629,0.8055356624907097,2.5814219467671744e-06,0.6438974928011937,174,train
2891.8066384644635,,0.0,0.0,0.8408185043652623,0.3089316887722553,2.234992915550164,1.7801869156149526e-05,1.1061472998256177,0.5643443428309618,8.477992778352928e-06,0.3138581116774441,7.088278556087365e-06,0.8458241150442478,0.8149875117614206,2.235597739854711e-06,0.6379977876106194,175,train
2891.4965625864215,,0.0,0.0,0.8424532073860165,0.30729227297433,2.2274061684059885,1.7886962450575083e-05,1.1073199025297586,0.5611030438305002,8.898539514727114e-06,0.31860891314206924,6.687047583303259e-06,0.8430125370489813,0.8014773536572414,2.3013752903959054e-06,0.6504194319775675,176,train
2890.0937391973175,,0.0,0.0,0.8393174161928355,0.30695868313039065,2.2197566908017725,1.9782394835298572e-05,1.1017228074833356,0.56614338956048,1.0370706804678776e-05,0.3113118973189751,6.685892525032007e-06,0.8485896017699115,0.8067219932522394,2.725795626853748e-06,0.6420538346324347,177,train
2890.670131447041,,0.0,0.0,0.8425626779442345,0.31042268405787127,2.2390848661945983,1.8679881662440797e-05,1.1104016393686817,0.5643388613135414,9.644650920866601e-06,0.317624368762548,6.435061544228423e-06,0.8418141592920354,0.8110588736238733,2.6001692367572105e-06,0.6428143437457295,178,train
2946.7066692483836,,1.1590957337038876,1.7968642007840423,0.818064616299691,0.29310230882564065,,,,,,,,,,,,179,valid
2888.1410592678376,,0.0,0.0,0.8403035853062926,0.3072332633143684,2.2339028151689377,1.8391372711145476e-05,1.1131273196861806,0.5671990847429343,8.98158047372514e-06,0.31377601781777575,7.1827220866301406e-06,0.8455936576412842,0.8069994686979108,2.2270700780306168e-06,0.6483914087303971,179,train
2894.042048361449,,0.0,0.0,0.8421455705043399,0.3117331695973799,2.2281933643121636,1.4594262053530352e-05,1.1009119427309626,0.572340921226856,5.9511726309816975e-06,0.31865019120473775,6.526420341591196e-06,0.84801345852624,0.8086312154753018,2.1166690764099864e-06,0.6384817477876106,180,train
2889.4465224004425,,0.0,0.0,0.8414879027138661,0.31522368269223167,2.227748345484776,1.4650585459700475e-05,1.1078220215518917,0.5637212005336728,5.995013192053496e-06,0.3137477890843839,6.354144158346268e-06,0.8477599557522124,0.8061785397276414,2.301428075952572e-06,0.6441509955752213,181,train
2885.2619564090155,,0.0,0.0,0.8421901555602589,0.31206814511058417,2.2401817952637124,1.325285139804085e-05,1.1130742330466752,0.5585313314753296,4.562234201633449e-06,0.3150703945914201,6.284951293006694e-06,0.8443722345132744,0.8120371773179653,2.4056659003690583e-06,0.6452110989958839,182,train
2887.807470271018,,0.0,0.0,0.8405641577579673,0.31094620347310087,2.228430088642424,1.1872020731971133e-05,1.1025455747030477,0.5700120710368667,3.726768751827573e-06,0.3151525604513894,6.280573640348545e-06,0.8445335547480963,0.8107319521693002,1.8646782730987373e-06,0.6390578908994134,183,train
2899.0575070001382,,0.0,0.0,0.8414504740219799,0.3103201180156765,2.2331944123833583,1.3147999707143754e-05,1.106334370849407,0.5653761762433347,5.5264013068760205e-06,0.31934435586486243,5.792506090074312e-06,0.8423442107386294,0.8075156802624728,1.8290922980668256e-06,0.6451880530973452,184,train
2889.816086490597,,0.0,0.0,0.8415815399210078,0.31366601469772504,2.239393316538988,1.5198691362456885e-05,1.1125891493485036,0.5635425490615642,7.135228718955962e-06,0.31838580544016004,5.863187877063562e-06,0.843058628318584,0.808418347244769,2.2002747588582375e-06,0.6412472345132744,185,train
2891.1624745056693,,0.0,0.0,0.8418656097665841,0.31188703109480637,2.2287607351235583,1.358292229269864e-05,1.10567583552504,0.5609106421470642,4.780647083559112e-06,0.31483169984632886,6.00042485530139e-06,0.8468611725663717,0.8082531912136922,2.8018502386354762e-06,0.6397953539823009,186,train
2885.9353675504703,,0.0,0.0,0.8409628846947672,0.3104875086200942,2.2417746054387724,1.3024462617371076e-05,1.1166939993875216,0.5625891432297968,5.101447271348055e-06,0.3158135171485158,5.63984120162786e-06,0.843934365605886,0.8092670889027351,2.2831740564773403e-06,0.6399105826837826,187,train
2883.171382397677,,0.0,0.0,0.8432275896984369,0.3161448996382403,2.229617423715845,1.3832210048955555e-05,1.1149975435923687,0.5642114898799795,6.107639716598593e-06,0.312906521215903,5.262667652156475e-06,0.8468611725663717,0.8017133753911584,2.4619026726213635e-06,0.6453724187032311,188,train
2960.2166453394398,,1.1591704477757991,1.7975934801091549,0.8261324683937216,0.2794791932765871,,,,,,,,,,,,189,valid
2885.6613877558075,,0.0,0.0,0.8402860948114922,0.30697537123812574,2.2305122898743215,1.354116520815296e-05,1.109534432930229,0.5614961644189548,5.125968276236866e-06,0.31209724930535376,5.439515462057898e-06,0.846308075221239,0.808880601309042,2.9756815547443695e-06,0.6437822640997118,189,train
2888.5898545526825,,0.0,0.0,0.8409765773339177,0.3117841131016605,2.2308618136211833,1.2136945212356901e-05,1.108126694122247,0.5600035270362829,4.6768796588973295e-06,0.3136707539052035,5.665825022636757e-06,0.8409153761061947,0.8090643402749458,1.7942405399177612e-06,0.6422382007657954,190,train
2884.7013339152377,,0.0,0.0,0.8412624563104631,0.31252613136918506,2.2582052967189687,1.1021634636563248e-05,1.129649837460138,0.5614418914887758,3.896867171230648e-06,0.31412466608845024,5.2235830116842406e-06,0.8476677726855321,0.814430795412148,1.901184508218042e-06,0.6409015486725663,191,train
2880.9816159948837,,0.0,0.0,0.8402464216908331,0.30762883370981453,2.2253880701233855,1.1608801820936302e-05,1.1083760599119474,0.5617493076530178,3.480681783306257e-06,0.31141686030721244,5.583077612148675e-06,0.8459393434819922,0.8055951521459934,2.545042407291476e-06,0.6439666299693352,192,train
2881.6689431519635,,0.0,0.0,0.8398957936527827,0.30841449810904387,2.236133047964721,1.0658878163667396e-05,1.1168289068525872,0.5651194724888928,3.0560589190523996e-06,0.31383633165232905,5.461930040837615e-06,0.8470685840707964,0.8054678044487945,2.1408892159039773e-06,0.6427682522123894,193,train
2885.660186497511,,0.0,0.0,0.8422221051442599,0.3135403657407979,2.220803382122411,1.1106439609041749e-05,1.1031629701631258,0.568017354317471,3.7784577731751295e-06,0.31361384373323054,5.6326068503646334e-06,0.8457319319775675,0.8040265878744884,1.6953750400716672e-06,0.6417311946902655,194,train
2882.4127013620023,,0.0,0.0,0.8412029149508782,0.3112395395032772,2.220289890745045,1.2181646040213915e-05,1.1038859839987967,0.5642397515805422,4.318555302234017e-06,0.31666457481616367,5.54143219536248e-06,0.846146754986417,0.7997393418202358,2.3216585789972064e-06,0.6473313053097345,195,train
2884.2418029245023,,0.0,0.0,0.8426946765287353,0.3172374237251054,2.230571981024953,1.2691784189276707e-05,1.108919212248473,0.5616127703569632,4.443942140521055e-06,0.31213280822323486,5.433134617002603e-06,0.8472759955752213,0.8095199602895078,2.8147074499429435e-06,0.6410398230088495,196,train
2886.199041586007,,0.0,0.0,0.841921725528263,0.31200895648393334,2.2284328515550733,1.267342046048725e-05,1.1073093899583395,0.5695720418755498,6.005847196017082e-06,0.31472683282552566,4.934391175387039e-06,0.8470685840707964,0.8063966167711578,1.7331820648299374e-06,0.6438514010041161,197,train
2886.996132639657,,0.0,0.0,0.8410953135691146,0.3138809936778171,2.237140990991508,1.2065299330667282e-05,1.1044560496786,0.5620678483912375,5.23009452081169e-06,0.3272521621094341,4.984215108076266e-06,0.8428512168141593,0.8054327864562516,1.850989742706588e-06,0.6461098821817246,198,train
2931.3116833917024,,1.1610559413935755,1.8118050975361684,0.8217192241485288,0.2908795861065663,,,,,,,,,,,,199,valid
2887.692918625553,,0.0,0.0,0.8416663881886821,0.31418137797632734,2.247256936225216,1.2151434214805097e-05,1.1203457359719065,0.5572104489645072,5.0113279515547524e-06,0.3182758681014576,5.1485011863405816e-06,0.8410766963410167,0.8086353413826597,1.991605116321201e-06,0.6459716078454414,199,train
2877.6484137340985,,0.0,0.0,0.8423051262647454,0.31956756843389567,2.230214968191839,1.199395763251232e-05,1.1089959381955914,0.5624163869471677,4.8576736935501685e-06,0.3191188910102422,4.982685586583102e-06,0.8428512168141593,0.8021001420189849,2.153598279619473e-06,0.6429065265486725,200,train
2887.7057198043417,,0.0,0.0,0.8434462446116333,0.3187137485494346,2.2242722669533923,1.0198445816058665e-05,1.108137962564958,0.5631083714223541,3.0610532667196823e-06,0.3152581775082951,4.844413233513478e-06,0.8462850293227001,0.8008761115833721,2.29297934765782e-06,0.6442431786419016,201,train
2888.7122165376104,,0.0,0.0,0.8409431758417054,0.3087777701088495,2.2362085950058117,1.0416270439842871e-05,1.1112401854675429,0.5605421693979111,3.764413149838219e-06,0.31304318306192885,4.8491472686388685e-06,0.8494192477876106,0.8119252213334616,1.8027099804385216e-06,0.6418925149250875,202,train
2880.3914697697733,,0.0,0.0,0.8416660925128896,0.3136907478117253,2.223746319787692,1.0230822517769411e-05,1.1091195017890592,0.5672407179279665,3.394028044567676e-06,0.3147359060502685,4.8717988647695165e-06,0.8443952804118131,0.7998909090472534,1.9649956023689203e-06,0.646732116694999,203,train
2878.589586646156,,0.0,0.0,0.8406560586137423,0.31272637253905583,2.2391578275545507,1.054923110738552e-05,1.1163509799315867,0.55578735048792,3.880749206170246e-06,0.3140199262220248,4.942292692552049e-06,0.8465846238938053,0.8087869091371519,1.7261891889575054e-06,0.6404636800289154,204,train
2876.5553075739767,,0.0,0.0,0.8420638978836441,0.310986398842435,2.2345507598556247,1.1581693906919099e-05,1.112353299043875,0.5600221567844923,5.007608354693123e-06,0.3172625892721446,4.922851452041262e-06,0.8449483777569459,0.8049348772099588,1.6512340592574522e-06,0.6445197273144679,205,train
2887.8546002143253,,0.0,0.0,0.8443251741519635,0.31794268919483953,2.2261108655845168,1.2598733810591512e-05,1.1081566974125077,0.571142403689106,6.514293484845742e-06,0.3205843627189113,4.702271086595525e-06,0.8424363938053098,0.7973697995190072,1.3821692937199259e-06,0.649128871681416,206,train
2877.3543625553098,,0.0,0.0,0.841473652593665,0.3103627145680687,2.2353674753577306,1.3819264713674784e-05,1.1166355947477629,0.5634837968159566,7.2964405262609945e-06,0.3186085851846543,4.5797629566853475e-06,0.8437039087303971,0.8001232917329907,1.9430613171304383e-06,0.6443123158100432,207,train
2875.0074236034293,,0.0,0.0,0.8416271860692526,0.31102814591775896,2.2253677792253748,1.1619271996702688e-05,1.1071856359464933,0.5618804574540232,5.417549124710301e-06,0.31166535035698817,4.522950296935354e-06,0.8458932522123894,0.8065167966142165,1.678772593246928e-06,0.6433904867256637,208,train
2940.589885843211,,1.1509213092202435,1.799970802127543,0.8240494898793426,0.2859781470659328,,,,,,,,,,,,209,valid
2880.2595409292035,,0.0,0.0,0.8419255031893486,0.31220236705585847,2.2219160890157243,1.1324173695660042e-05,1.1069754119467947,0.5660966247056438,4.6912539255572485e-06,0.3150599642401248,4.738538303475555e-06,0.8451096974642931,0.7998806997738054,1.8943814787538335e-06,0.6454185105003087,209,train
2882.498632380393,,0.0,0.0,0.8426887013849143,0.31811933571366496,2.225365532183014,1.0996557551455528e-05,1.118824559502897,0.5614607347441571,3.989940748094038e-06,0.30820105660014446,4.918119981690931e-06,0.8507328539823009,0.7983399260360583,2.088496848955401e-06,0.6470086653675653,210,train
2889.3801463979535,,0.0,0.0,0.8427138902619222,0.3112887891154736,2.234307334486362,1.0701345963752829e-05,1.1121712511619635,0.5638487114843014,4.0662191319521906e-06,0.31862133662257575,4.6196097567493176e-06,0.8459623893805309,0.803514739580914,2.015517025029112e-06,0.6408554572710948,211,train
2878.549770118916,,0.0,0.0,0.842491233533252,0.3120236935044346,2.240763651586212,1.1909599549350485e-05,1.1235974214773263,0.5624759967348217,5.288933180054301e-06,0.313198764569464,4.864060430615306e-06,0.8467228982300885,0.8039674616492956,1.7566060008296821e-06,0.6449115044247787,212,train
2879.060067235896,,0.0,0.0,0.844303095899435,0.31465951430809874,2.232786007687054,1.2085717244190164e-05,1.1163361299354417,0.5656069855072668,5.187447626061233e-06,0.3103973407924703,4.868238481018731e-06,0.8503180309734514,0.8060525471130303,2.030031126499428e-06,0.6487165178571429,213,train
2876.310963858545,,0.0,0.0,0.8418437412102948,0.31317096350934703,2.229413737237981,1.1130928821027434e-05,1.1150855311250265,0.5629773896879855,4.5113831280711265e-06,0.3121554462519367,4.778254390960986e-06,0.8475986355173905,0.8021727742347042,1.8412913550491793e-06,0.6483683628318584,214,train
2876.0548279348727,,0.0,0.0,0.8442934425862064,0.3170133420794941,2.2385841586948496,1.1087490723487765e-05,1.124203448801969,0.5616959187069109,4.66028072272214e-06,0.3094147801794837,4.695837205872522e-06,0.846308075221239,0.8049659259551394,1.7313728615893827e-06,0.6471930309734514,215,train
2877.263462302959,,0.0,0.0,0.8403006339478585,0.31411777840866684,2.2330582901439837,1.0740290199464654e-05,1.1138665027323023,0.5637087680860958,3.66291033969901e-06,0.31150826970032885,4.558224600259564e-06,0.8440265486725663,0.8076835258872108,2.5191551943256247e-06,0.6418003318584071,216,train
2878.5722245748066,,0.0,0.0,0.8402286949964817,0.3136536452691867,2.237088488266531,1.1231360622332431e-05,1.1175439389406052,0.5622209708775039,4.3780659962067145e-06,0.31337308646303363,4.463150192653605e-06,0.847829092920354,0.8061714684013772,2.3901443758707803e-06,0.6447962759870344,217,train
2879.6893710246127,,0.0,0.0,0.8404038174455045,0.312942944618718,2.217674424163008,1.1612875508338524e-05,1.1001625398618986,0.5695148677425047,5.602934197668219e-06,0.3164750026390616,4.403644164388727e-06,0.8455475663716814,0.8010368816620481,1.6062972038829079e-06,0.64417404147376,218,train
2944.3274683459053,,1.152264055591546,1.786094196950536,0.8189738552037897,0.29389354580838345,,,,,,,,,,,,219,valid
2879.06894055932,,0.0,0.0,0.8418419861312229,0.3105401846489946,2.217271500984124,1.1372546711451528e-05,1.105915422988149,0.5655618331733003,4.906470840069233e-06,0.31037352913248856,4.53742392892309e-06,0.8469764010041161,0.8009825485997495,1.9286519955130643e-06,0.6447501844536941,219,train
2872.1133806346793,,0.0,0.0,0.8405180097717826,0.3130487065957199,2.2359442362743143,1.1617100183987834e-05,1.1142486993190461,0.5583862574622694,4.871402215940179e-06,0.3136929785255837,4.628246330563949e-06,0.844441371681416,0.8080025557923106,2.1174515510817096e-06,0.6409476402059066,220,train
2875.9532783980917,,0.0,0.0,0.8416647313354539,0.31256957560022974,2.2143062785663434,1.251887285131185e-05,1.1045523053776902,0.5680826345903683,6.005263597520146e-06,0.3104254104922303,4.488335183244393e-06,0.8481056415929203,0.7993285761470288,2.0252740250725763e-06,0.6456950591728751,221,train
2871.3161599488385,,0.0,0.0,0.8438232562659196,0.3206775653292148,2.2151776953081113,1.0816125189497447e-05,1.0994997536186624,0.5713996362369672,4.778635902766837e-06,0.31139229778694894,4.2464162258208185e-06,0.8458702063138506,0.8042856423200759,1.7910731169952972e-06,0.6421229718005763,222,train
2869.3515214498066,,0.0,0.0,0.8417040367483525,0.3105707652746928,2.230743114927174,1.1588490839737156e-05,1.1115320087534137,0.5603905660388744,5.475104262586683e-06,0.31457295103938177,4.487827169820472e-06,0.8446487831858407,0.804638161068469,1.6255593709502136e-06,0.6391961652356967,223,train
2875.7575359513276,,0.0,0.0,0.8410218226338431,0.31394569866754785,2.2440290377203342,9.184431207055846e-06,1.1116832579131675,0.5624900374528581,3.824203561938096e-06,0.3286560933410594,4.205701173608153e-06,0.8421598451327433,0.8036896829056529,1.1545264866678432e-06,0.6483222715622556,224,train
2878.213556070243,,0.0,0.0,0.8412957079311137,0.3151151891157061,2.2176169990438277,1.1315329563027868e-05,1.1041919504646707,0.5632645189762115,6.077606370430051e-06,0.3128055040353695,4.028630986188849e-06,0.847483407079646,0.8006195505108453,1.2090921950402844e-06,0.6491749629510187,225,train
2883.290384748341,,0.0,0.0,0.8425293414411272,0.31532661425468916,2.227285105570228,1.1189234598229329e-05,1.111605072443464,0.5621280327966783,5.7496997275544955e-06,0.3166203870710018,3.911010532344032e-06,0.8440265486725663,0.7990596542316201,1.5285243944163085e-06,0.6416851034206627,226,train
2879.4974505669247,,0.0,0.0,0.8410583693757123,0.3154433087660167,2.225985245367067,1.2654930991023624e-05,1.1155106509681296,0.5620559655723318,6.744250416280313e-06,0.3119380549255726,4.0148597054212584e-06,0.8457319319775675,0.7985365274733147,1.8958208283947896e-06,0.6448884587899774,227,train
2877.9222725387167,,0.0,0.0,0.8421695116812155,0.31107443253124967,2.2276542155088577,1.1744600694025091e-05,1.107941568952746,0.5640128091373274,6.276787316892296e-06,0.31671622672439675,3.985058738180669e-06,0.8434273600578308,0.8029964202273209,1.4827546154568458e-06,0.6507881637168141,228,train
2938.579977101293,,1.1493542609631406,1.7937693049741008,0.8213228962797551,0.2854955527231891,,,,,,,,,,,,229,valid
2877.168156716676,,0.0,0.0,0.8448646569347407,0.31761136045394217,2.2298873146023372,1.0042168548049327e-05,1.1157333318111116,0.5601723064891005,4.323093926359434e-06,0.31219475419647924,3.7473378658129756e-06,0.8427129424778761,0.8019592340013623,1.971736824089021e-06,0.6477000370489813,229,train
2871.930318376659,,0.0,0.0,0.8415548807774533,0.3156982313365492,2.2107875515929365,9.163094315833101e-06,1.1020837705747215,0.567800378641196,3.331963530399662e-06,0.31012475807054907,3.7487243222737256e-06,0.847829092920354,0.7985790065959492,2.0824064207166277e-06,0.6513873523315498,230,train
2880.9043919386063,,0.0,0.0,0.8413388852943674,0.313321242892966,2.2323229608282578,1.1331304885970895e-05,1.1117600128713963,0.5620277041355065,4.842650544863621e-06,0.3119241240541492,3.828465426825763e-06,0.8443261432436715,0.8086388364302374,2.6601889294397553e-06,0.646040745013583,231,train
2868.649969320382,,0.0,0.0,0.8455920486747371,0.32045004426606516,2.2368834271895146,9.926940098618312e-06,1.1187481563703148,0.55986318031771,3.8274523164242665e-06,0.31593337721001785,3.857267192870495e-06,0.8424824850749125,0.8022018950597375,2.2422205771969554e-06,0.6459024706772999,232,train
2874.5879187119745,,0.0,0.0,0.8421502828139694,0.3191983680947953,2.232433685159261,9.328486909604786e-06,1.1167447408743665,0.5544288312373435,3.3813443345328174e-06,0.31388085553076417,3.6265869736477424e-06,0.841191924778761,0.8018080824244339,2.3205555847501575e-06,0.6474926255445564,233,train
2869.318540860066,,0.0,0.0,0.8417605178400075,0.31285293563987476,2.2377365015249335,9.848008788443016e-06,1.1199147010271528,0.5588881428790303,3.925874692261762e-06,0.31253392796600815,3.6823547482830084e-06,0.8449714231280099,0.8052878733229848,2.2397793115184563e-06,0.6391961652356967,234,train
2873.1423361449115,,0.0,0.0,0.8421872358845865,0.3163361255762221,2.232798683959826,1.0867392823759777e-05,1.1144747048352672,0.5591357206612562,5.648515934808529e-06,0.3117251361893342,3.6737108560676763e-06,0.8471146753403993,0.8065988553308807,1.5451659783138893e-06,0.6418003318584071,235,train
2867.3700307660397,,0.0,0.0,0.8411064139412145,0.3138095941833504,2.227617351354751,9.813490069063846e-06,1.116536161013409,0.5616448474141349,4.299690332724519e-06,0.3123956383329577,3.6457170275146684e-06,0.8452940635976538,0.7986855348654552,1.8680826709290463e-06,0.6450267328625232,236,train
2874.0914382259402,,0.0,0.0,0.8424712119917408,0.3185719558059985,2.2343312269818467,1.0137764123404243e-05,1.1263192965921047,0.5590411999584299,4.6551404284400635e-06,0.30837460185310483,3.571478397740672e-06,0.8494192477876106,0.7996373435037326,1.911145327539998e-06,0.6469856194690266,237,train
2872.817547013274,,0.0,0.0,0.8416010661114786,0.31816210041665133,2.233445639103915,9.811478030314902e-06,1.1191678047180176,0.5616389572356655,4.458248131413711e-06,0.3102036996752815,3.654796984543888e-06,0.8462850293227001,0.8040741365567773,1.6984329386104945e-06,0.6437361725663717,238,train
2971.0757761988148,,1.1563104626844418,1.7978347113503965,0.8250502629014563,0.28912356387507104,,,,,,,,,,,,239,valid
2869.9391009575497,,0.0,0.0,0.8441719163765271,0.31480476563205917,2.2175098573212075,9.390128204055751e-06,1.1044606629726106,0.5687968715102272,4.424709741215338e-06,0.30953831324535136,3.6055338841833874e-06,0.8440495945711052,0.8035108700262762,1.3598845316664665e-06,0.6411780973451328,239,train
2867.1478952053376,,0.0,0.0,0.8402457565907835,0.3161934079443966,2.2198823500523526,8.691731151581432e-06,1.1108815575067976,0.5578061065315145,3.5018563539779278e-06,0.31310719897789235,3.7170191899349446e-06,0.8472299043056184,0.795893592117107,1.4728555925103138e-06,0.6483683628318584,240,train
2868.0450493466537,,0.0,0.0,0.8411766222848739,0.31331997516125787,2.2321085149208,1.000865694853322e-05,1.109959454663032,0.5642726099596614,4.4359576835025416e-06,0.3221641934550969,3.813519303245509e-06,0.8445566001191603,0.799984866538934,1.7591799329845041e-06,0.6489675517103314,241,train
2871.5433922151547,,0.0,0.0,0.8410819415983244,0.3141865943455178,2.239076848578664,1.0022920954118793e-05,1.1232045108238153,0.5603000969354031,4.597996460991756e-06,0.31419531460356925,3.797804993155296e-06,0.8457088866065033,0.8016770223600674,1.6271195378673534e-06,0.6503502948094259,242,train
2870.3914740908463,,0.0,0.0,0.8428285611744203,0.3176114716130392,2.2143431047422695,1.1068050371250138e-05,1.1085942245162694,0.5672248965871017,5.388949108843614e-06,0.3126126697896856,3.7042120387316877e-06,0.8438882743362832,0.7931362016011129,1.9748891857792237e-06,0.6521478611811072,243,train
2870.2590224004425,,0.0,0.0,0.8415019408988339,0.31422544557733856,2.2154447589300377,9.857116310740821e-06,1.1094483421967092,0.5611059047215807,3.46070276464161e-06,0.3095758774902968,3.7538108305549638e-06,0.8488661504424779,0.7964205351551022,2.6426027428290885e-06,0.6471699853386499,244,train
2867.8846295112003,,0.0,0.0,0.8416417933996136,0.31731846602276104,2.2143173998436043,1.1330240243599594e-05,1.1087018747245316,0.5628989188544518,5.307448618623311e-06,0.3152131260232588,3.7792941354079327e-06,0.8448792405888043,0.7904024042386925,2.243497466830983e-06,0.6513412610619469,245,train
2866.014683006084,,0.0,0.0,0.8414828605773532,0.31803342362812936,2.226729621929405,1.0706439813172134e-05,1.1151402977715552,0.5651207485162051,4.476389522096724e-06,0.3160332916057215,3.6982877251527193e-06,0.8434734513274337,0.7955560140905127,2.531762555311919e-06,0.6474004424778761,246,train
2873.0462009126104,,0.0,0.0,0.8436709025703963,0.3178535184552341,2.218665175733313,1.1286479384580162e-05,1.1047396749521778,0.5691923559766955,4.499177509084499e-06,0.3152035775437819,3.7801090305341254e-06,0.8423903025357069,0.7987219227098785,3.007192826771643e-06,0.6520326327433629,247,train
2869.66743725802,,0.0,0.0,0.8438314739609882,0.3132443875214071,2.238380343513151,1.1382765223970637e-05,1.1272302385980049,0.5638351352619273,4.976943970784002e-06,0.31195936675092817,3.756926832162814e-06,0.8443491886147355,0.7991907422521473,2.648894390707331e-06,0.649428466252521,248,train
2926.172497979526,,1.1578785186025593,1.7982758517246755,0.8161950284107927,0.28350092809831584,,,,,,,,,,,,249,valid
2871.1517258365598,,0.0,0.0,0.8417748118553128,0.3148811046746907,2.203550690043289,9.80634455117979e-06,1.097888282442515,0.5690457504407495,3.801053732483221e-06,0.3108457210844597,3.820398287643911e-06,0.8459393434819922,0.7948166722744967,2.184892561369149e-06,0.6493593290843794,249,train
2868.1490381291483,,0.0,0.0,0.8425385907978588,0.31713931386471567,2.2372104741830743,1.1901119445004345e-05,1.1224515063572773,0.5609896624114661,5.313825264844733e-06,0.31125339892058246,3.964757858436011e-06,0.8476216814159292,0.8035055662678406,2.622536367198336e-06,0.6466168879935171,250,train
2874.768154988247,,0.0,0.0,0.8433085780544538,0.31860264659105925,2.2157376941326445,9.63210935879033e-06,1.1057813953509372,0.5706599837383338,4.047086276841583e-06,0.31395352585653286,3.5404474904983846e-06,0.8433121310926117,0.7960027772768409,2.0445756460200453e-06,0.6481839972259724,251,train
2874.4552055966537,,0.0,0.0,0.8424706704336182,0.3175141361579006,2.224198558689219,1.0966934351017699e-05,1.1110675746360712,0.5603910418210831,4.875747657327641e-06,0.3120790327017286,3.6140811122701657e-06,0.8466998523315498,0.8010519394832375,2.477105595062312e-06,0.6449575956943816,252,train
2868.79719043833,,0.0,0.0,0.8438072752381305,0.3173453439031544,2.227538311375981,9.354967466303302e-06,1.115267941382079,0.5598082732310338,3.795364594528413e-06,0.31472486138871286,3.575359251044574e-06,0.8445335547480963,0.7975454921216036,1.984243617698667e-06,0.6463403393209508,253,train
2872.584708154729,,0.0,0.0,0.8431370485529991,0.31597916312872326,2.23112512900766,9.668760358181316e-06,1.106313689620094,0.5684889642010748,3.901518818262654e-06,0.32178376087572724,3.7126970467700933e-06,0.8422750738342252,0.8030276736326977,2.0545444552529566e-06,0.6465938422268471,254,train
2868.8050137410123,,0.0,0.0,0.8412078824827491,0.31898632592916715,2.2045770756966245,9.043898747525722e-06,1.1051838434902967,0.5710963820461679,3.5492893372672065e-06,0.3093675466633476,3.6212401846569264e-06,0.8485204646017699,0.7900256867957326,1.87336921953829e-06,0.6528161874914591,255,train
2863.342205216399,,0.0,0.0,0.8416279065948366,0.31280734265888255,2.228426553506767,9.262508319807239e-06,1.1166635920516157,0.5616550359841996,3.5303629526121465e-06,0.3101812056471816,3.544559352424888e-06,0.8477138644826095,0.801581739324384,2.1875859617163466e-06,0.6458102876106194,256,train
2867.7913375449393,,0.0,0.0,0.8431776966313248,0.31475075231487626,2.226280409677894,9.19374849521167e-06,1.1176462943575023,0.5627967327569439,3.7390890399061995e-06,0.31009322299366504,3.638560565377702e-06,0.8496727505616383,0.7985408749200601,1.8160988944752413e-06,0.6462712018890718,257,train
2869.549729068722,,0.0,0.0,0.8438775807541276,0.32091089150872715,2.2052287200910854,9.914969753784438e-06,1.1025764868322727,0.5686091975828188,4.505539351763824e-06,0.3116070551682362,3.6493523930403172e-06,0.8451096974642931,0.7910451757169403,1.7600780317176638e-06,0.6484835912696029,258,train
2944.720879916487,,1.149876297955262,1.7935122045161342,0.8216821066481683,0.2874399004876124,,,,,,,,,,,,259,valid
2863.608171581167,,0.0,0.0,0.8437644783499795,0.3172090277517281,2.225893647269865,1.0362089936582682e-05,1.112928346195052,0.5659708399160773,4.382178455368073e-06,0.3123148029620669,3.654624464009733e-06,0.8476447273144679,0.8006504985083521,2.3252870505530153e-06,0.6461790193498662,259,train
