recon_loss,KL,disnt_basal,disnt_after,r2_mean,r2_var,adv_loss,penalty_adv,adv_perts,acc_perts,penalty_perts,adv_integration_donor,penalty_integration_donor,acc_integration_donor,epoch,mode
1215.9275282118056,,0.0,0.0,0.0605657446794409,-0.061641387759693085,3.4372731685638427,0.42057780573765435,1.3292836560143364,0.31081289715237087,0.1630883976817131,2.1079895151986014,0.25748940780758856,0.14047769374317592,0,train
1028.4109551323784,,0.0,0.0,0.2880287398658101,0.027341106604962123,3.0650795512729223,0.16081531171997387,1.167138409614563,0.4632511595884959,0.07553106111784776,1.8979411443074545,0.08528425060212612,0.2879103534751468,1,train
953.4844455295139,,0.0,0.0,0.39083103047949924,0.09245777144318534,2.6839755058288572,0.08414557973543803,1.0060191790262858,0.5671825620863172,0.03984010815620422,1.6779563294516668,0.04430547151714563,0.4504787458313836,2,train
917.0340087890625,,0.0,0.0,0.4387349495339016,0.1429242973762845,2.47275865872701,0.04526682682335377,0.9564039760165745,0.5602824297216203,0.021740027392903965,1.5163546906577217,0.02352679936836163,0.4972327444288466,3,train
899.7192843967014,,0.0,0.0,0.4600652917509987,0.17732573593892748,2.3413050492604572,0.03634521688024203,0.9322050293286641,0.567134694258372,0.016237554823358855,1.4091000000635783,0.020107662056883177,0.5321285777621799,4,train
886.7855143229167,,0.0,0.0,0.4753615994302054,0.20753545983443186,2.247730853822496,0.029046402933696907,0.9179197563065423,0.5556073076195187,0.012536095672597487,1.3298110935423109,0.016510307292143502,0.5496317333645291,5,train
877.2956990559895,,0.0,0.0,0.4770068466663361,0.21944893877657634,2.19562087059021,0.0240940914178888,0.9149768736627367,0.5530628899733225,0.009505177102982997,1.2806439770592584,0.014588914283861717,0.5612636778089736,6,train
871.34794921875,,0.0,0.0,0.48746490864053604,0.24107645194208813,2.217572988404168,0.01995916155477365,0.9429522037506104,0.5009388705094655,0.007982816981772582,1.274620787302653,0.011976344510912895,0.5485690236091614,7,train
864.0487942165798,,0.0,0.0,0.4848613428927603,0.25601834077683705,2.234186543358697,0.017917969543486834,0.9561315642462836,0.5217726661099328,0.006715885627393921,1.2780549711651272,0.011202083776394527,0.5359585437509748,8,train
843.301591352983,,0.5538577212812268,1.0189966674770632,0.5235572872417315,0.18034904295360887,,,,,,,,,9,valid
859.5609266493055,,0.0,0.0,0.4986619149408643,0.27129199232846973,2.1911161634657117,0.015726277697831394,0.9286139633920457,0.5292818393972185,0.005812326942880948,1.2625021934509277,0.00991395078599453,0.5374684347046746,9,train
856.2381863064236,,0.0,0.0,0.5037024954245204,0.27276212509189335,2.1386935075124103,0.014000293736656507,0.9066309928894043,0.535972429646386,0.00529158393231531,1.2320625225702921,0.008708709881951411,0.5394991583294338,10,train
851.7754977756076,,0.0,0.0,0.5114161751573048,0.29427943362130066,2.1304914659923977,0.012238526375343402,0.9025041460990906,0.5403475370672014,0.004710894163387517,1.2279873185687595,0.007527632188672821,0.5315551347202725,11,train
847.946944173177,,0.0,0.0,0.51356010098779,0.30457279625393097,2.114269648657905,0.012517175016303858,0.8893189668655396,0.5388601985242631,0.004719907883554697,1.2249506764941744,0.007797267179315289,0.5350694444444445,12,train
845.5652316623264,,0.0,0.0,0.5179512722388147,0.30647118879216056,2.126221243540446,0.012202485899130503,0.9021225492159526,0.544597762160831,0.004848265834152698,1.2240986982981363,0.007354220002889633,0.533812079164717,13,train
840.5999877929687,,0.0,0.0,0.52459040232121,0.32284800895149746,2.116527220937941,0.011659812554717064,0.8911552402708266,0.550603781806098,0.004553661573057374,1.2253719727198282,0.007106150888527433,0.523947811126709,14,train
838.8274943033854,,0.0,0.0,0.5242639608562938,0.3209722232014414,2.150800016191271,0.010904515876124303,0.9171113769213358,0.5483302765422398,0.004235797631554306,1.233688637945387,0.006668718283375104,0.520044191678365,15,train
836.4468370225694,,0.0,0.0,0.5289547564097182,0.3290053151823856,2.1560866938696965,0.010020823528369268,0.9268915626737807,0.5455026010672251,0.004113577376119793,1.2291951576868694,0.00590724617553254,0.5230061027738783,16,train
833.4722208658854,,0.0,0.0,0.5296561960190062,0.3365632822352742,2.1531000720130073,0.009724098055933912,0.9233803457683987,0.5567754083209567,0.003982957491340737,1.2297197024027506,0.005741140611159305,0.5241424666510688,17,train
831.2747748480903,,0.0,0.0,0.529004155099392,0.34766980045371587,2.176674556732178,0.009485737110177675,0.941388742129008,0.5459759745332929,0.003923071982959906,1.235285801357693,0.00556266512721777,0.5159827444288466,18,train
812.5164572975852,,0.5195731504845184,0.9395176716897164,0.5175416345720167,0.3167712315917015,,,,,,,,,19,valid
829.0959323459201,,0.0,0.0,0.5396687492018654,0.3504120968400486,2.1791386551327174,0.009263432398438454,0.9538531872961257,0.5452408605151706,0.003932110934207837,1.225285447968377,0.005331321448708574,0.5259417090151045,19,train
827.6083957248264,,0.0,0.0,0.5414995401151597,0.35790186396666934,2.2076121012369794,0.008943305397406221,0.9610637598567539,0.5335343791378869,0.0035876431580012043,1.2465483374065822,0.005355662340298295,0.5220486111111111,20,train
825.6145860460069,,0.0,0.0,0.5432803204844868,0.3622309250017954,2.1982738865746394,0.007834815559908748,0.960833650165134,0.5399406419859992,0.0031665010921036203,1.2374402629004584,0.0046683144057169555,0.5184132999844021,21,train
824.3341322157119,,0.0,0.0,0.5410007855721882,0.3621131752928098,2.2136898146735295,0.007661646464839578,0.9715950422816806,0.5422571215364668,0.0032447822159156203,1.2420947710673014,0.004416864179074764,0.5163510104020437,22,train
821.8486436631945,,0.0,0.0,0.5469398313571536,0.36703335798922043,2.232915319336785,0.007260302174836397,0.9851640979448955,0.5242220302422841,0.0031441222100208202,1.2477512386110094,0.004116179918249448,0.5166877104176415,23,train
820.8923217773438,,0.0,0.0,0.5466561906867557,0.3699975986802389,2.305740541881985,0.007239009641731779,1.0265289372868007,0.5088640835550097,0.0032101476642613608,1.2792115873760648,0.0040288619153822465,0.5077230638927883,24,train
818.9489122178819,,0.0,0.0,0.552321752030698,0.37306071217097936,2.2935346550411646,0.007027289023001989,1.0197215927971734,0.5148744497034284,0.0031101501702020568,1.27381305164761,0.003917138883844018,0.5128787881798215,25,train
817.3423923068576,,0.0,0.0,0.5493205335641664,0.37624439788716174,2.323182805379232,0.0065387906040996315,1.0526576452785068,0.49748831258879767,0.002825043862685561,1.270525164074368,0.003713746725892027,0.518434343735377,26,train
815.6061767578125,,0.0,0.0,0.5469241787043829,0.37993364125963247,2.291306119494968,0.006399698943520586,1.0383937080701193,0.5022308859560225,0.002742171970506509,1.2529124048021105,0.003657526965253055,0.5257154881954194,27,train
815.1445556640625,,0.0,0.0,0.5529975422791072,0.38029335169565115,2.304968547821045,0.006184431180978815,1.0426484492090013,0.5074498527579837,0.0027906406748419007,1.2623201237784492,0.0033937904828538496,0.515746001402537,28,train
804.1166714754971,,0.4981974385649558,0.9396795045501957,0.5272759263004576,0.3563093547890713,,,,,,,,,29,valid
814.0847439236111,,0.0,0.0,0.5550039203630553,0.3846521400979587,2.3176326645745173,0.005703740598013003,1.0410038802358839,0.49619130624665153,0.002607484976761043,1.2766287856631808,0.0030962556057299176,0.5168297555711534,29,train
812.427789984809,,0.0,0.0,0.5595276290225605,0.38757038270197214,2.3283037609524198,0.005469450928891699,1.0502743310398526,0.48501723143789505,0.002568084296459953,1.278029441833496,0.0029013666324317457,0.5256944444444445,30,train
811.1302137586806,,0.0,0.0,0.5531703633448435,0.3910996568581414,2.3221397823757597,0.005381162573272983,1.048973802725474,0.4912728508313497,0.0026560093276202677,1.2731659783257379,0.0027251532456527153,0.5233743680848015,31,train
811.1605238172743,,0.0,0.0,0.5585556430949106,0.3975378771859502,2.3280915472242567,0.00510855622900029,1.0514997641245525,0.48493800030814277,0.0024718879566838345,1.2765917698542277,0.002636668272316456,0.519412879149119,32,train
808.7471856011284,,0.0,0.0,0.5599884219664746,0.39864576674958385,2.357268073823717,0.005153064941987395,1.0729687293370564,0.47791011929512023,0.002494930460428198,1.2842993497848512,0.002658134481559197,0.5166351013713413,33,train
808.0763821072048,,0.0,0.0,0.5572568379460819,0.3926201801924479,2.3504004690382216,0.004906516522169113,1.0624593032730951,0.4762403567632039,0.002427295541080336,1.2879411750369603,0.002479220957805713,0.5095065236091614,34,train
808.8197998046875,,0.0,0.0,0.5575420681209792,0.4041364471354182,2.3705457846323648,0.004792157420888543,1.0731753614213733,0.47453000015682645,0.0023979629622772336,1.2973704073164198,0.0023941945012969277,0.5155723902914259,35,train
804.5465861002605,,0.0,0.0,0.5661736373626997,0.4036012765197527,2.37249640888638,0.004402776854112745,1.0735697242948743,0.47696904473834567,0.002240826740550498,1.2989266792933145,0.0021619501058012247,0.5133049236403571,36,train
805.6687282986111,,0.0,0.0,0.5605435042390748,0.40485159492208844,2.369543123245239,0.004336412933965524,1.0731019192271762,0.4650201201438904,0.0022286479788211485,1.296441184149848,0.0021077649473833543,0.5118949916627672,37,train
803.2109822591145,,0.0,0.0,0.562211102909512,0.40753570489940194,2.370643965403239,0.004048608771214882,1.0732621113459269,0.4686828951040904,0.00213561236159876,1.2973818673027886,0.0019129964251381655,0.5126210014025371,38,train
800.6784224076705,,0.48646871038575606,0.9445800152223464,0.5323382860847882,0.3555750113416028,,,,,,,,,39,valid
801.2745849609375,,0.0,0.0,0.565432274294278,0.4126257297775103,2.372685019175212,0.004026185565938552,1.0785519732369317,0.464922602309121,0.002072761479454736,1.2941330459382798,0.0019534240864838162,0.5139993680848016,39,train
801.0360148111979,,0.0,0.0,0.5704242154719337,0.4211107535967751,2.3937649779849584,0.003791555071560045,1.0804089864095052,0.46859934859805635,0.0020352607088473937,1.313356007470025,0.001756294370473673,0.5070970111423069,40,train
799.8570203993056,,0.0,0.0,0.5633557537718425,0.4121457812805024,2.38769646220737,0.0036411245198299485,1.0838251603974236,0.4616126179695129,0.0020093824598006902,1.3038712978363036,0.0016317420600292583,0.5082228534751468,41,train
799.9892564561632,,0.0,0.0,0.5673141289561514,0.4150786226940534,2.3796173201666937,0.0036222541859994334,1.0737363894780476,0.4714064419269562,0.002002282184548676,1.305880930688646,0.0016199720130922893,0.5095275666978624,42,train
799.8705268012153,,0.0,0.0,0.5671052074385068,0.41149191004889357,2.4011858145395917,0.0035770872685437403,1.080253161324395,0.4713652186923557,0.002042669321720799,1.3209326452679104,0.001534417935181409,0.5008996215131548,43,train
798.5205973307292,,0.0,0.0,0.5680251772205035,0.4120947627321122,2.391859769821167,0.003283762279897928,1.0813187109099494,0.46682042943106755,0.001868894649669528,1.310541073481242,0.0014148676496309538,0.5085174666510688,44,train
796.5119479709201,,0.0,0.0,0.5671420192198148,0.4146316470134826,2.4170461813608806,0.003147284632238249,1.0920650972260368,0.4599839833047655,0.001849404163658619,1.3249810616175333,0.0012978804452965656,0.5007891416549682,45,train
794.9678087022569,,0.0,0.0,0.5716042748992405,0.42337118039528526,2.40630980597602,0.0030103824256608883,1.0850315279430813,0.45886362592379254,0.0017792601060743134,1.321278296576606,0.001231122292423,0.5020833333333333,46,train
793.9672376844618,,0.0,0.0,0.5679914170077869,0.4233199469153843,2.408956077363756,0.002928926089468102,1.088995145426856,0.4594644950495826,0.0017546870396472514,1.3199609173668756,0.0011742390634026378,0.5066498319307963,47,train
792.6765285915799,,0.0,0.0,0.5743021021759699,0.42749212862007213,2.452141677008735,0.0029744075844064357,1.1096032248602974,0.4602462304963006,0.0018077538969616094,1.3425384521484376,0.0011666536816240598,0.4991740319463942,48,train
798.8379072709517,,0.45758296344237875,0.9280762385253545,0.5172090619415431,0.37551390137765317,,,,,,,,,49,valid
793.1183919270833,,0.0,0.0,0.5760378514253904,0.4294170811062767,2.4193840291765003,0.0028581233539928994,1.0915478203031752,0.4797777069939507,0.0018273942250137528,1.3278362115224203,0.001030729136740168,0.5025726013713413,49,train
791.0339992947048,,0.0,0.0,0.5796042592989075,0.423082680787359,2.439303986231486,0.0027267510381837686,1.0957819726732043,0.46623289386431377,0.0017594631024015447,1.3435220215055677,0.0009672879532445222,0.49318707916471693,50,train
790.9578260633681,,0.0,0.0,0.5716069070356232,0.4257279654343923,2.44804204305013,0.002583878440782428,1.1089548614290026,0.4517797827720642,0.0016822070814669133,1.3390871551301744,0.0009016713437934716,0.5023884680536058,51,train
789.9643405490451,,0.0,0.0,0.5767901010693065,0.43009996061760286,2.4606506241692436,0.0024758249831696353,1.116126749250624,0.4542906165122986,0.0016427555587142707,1.3445238643222386,0.0008330694186345984,0.5067182236247593,52,train
789.4169609917535,,0.0,0.0,0.5775713709375214,0.4272644410530727,2.4547375308142767,0.0023623610303426783,1.112651981247796,0.4536939428912269,0.0015588152105920016,1.3420855495664807,0.0008035458197506765,0.5013783666822645,53,train
787.5108493381076,,0.0,0.0,0.5756309033859344,0.4269297159853436,2.4883846706814237,0.0022215956899647913,1.1318911645147536,0.44648566047350563,0.0014892357401549816,1.3564935127894084,0.0007323599517500649,0.48904145558675133,54,train
786.7298638237847,,0.0,0.0,0.5754883321504745,0.4302458271620766,2.4550043635898167,0.002209193690214306,1.113078392876519,0.4592256506284078,0.0014908294232251742,1.3419259707132976,0.0007183642437060674,0.498947811126709,55,train
786.685009765625,,0.0,0.0,0.5827314753144507,0.4406700490959107,2.480522304111057,0.002112393449836721,1.1312019401126439,0.4462594197856055,0.0014391984751758477,1.3493203587002225,0.0006731950057049592,0.4971801347202725,56,train
785.8607869466146,,0.0,0.0,0.5792738393422157,0.4354664333046429,2.4825549602508543,0.002009117160923779,1.1318469206492106,0.44454271925820243,0.0013451444411960742,1.3507080448998345,0.0006639727139069389,0.4923400666978624,57,train
784.9906901041667,,0.0,0.0,0.5835811823133439,0.43732182246352,2.5157161765628393,0.0019751075344781083,1.1328965849346584,0.44945030477311876,0.0013529465921844044,1.3828195942772759,0.0006221609325924268,0.48393834167056615,58,train
798.4680009321733,,0.45676525120843176,0.966079730475581,0.5392195438216258,0.4021796897634283,,,,,,,,,59,valid
783.6875868055556,,0.0,0.0,0.5796433900793394,0.4376167062965651,2.4996029482947457,0.001805272880786409,1.1401908093028599,0.4423850933710734,0.001233604014851153,1.3594121509128148,0.0005716688533235962,0.4940025250116984,59,train
782.2568671332465,,0.0,0.0,0.5864479365329893,0.43957751258498146,2.4903284284803604,0.0017011277028359472,1.1247501677936977,0.4497562560770247,0.0011761103426882376,1.365578254063924,0.0005250173659684757,0.4918507999844021,60,train
781.8309393988716,,0.0,0.0,0.5834049130952548,0.44784293806269054,2.5240730815463595,0.0015853374963626266,1.144390086332957,0.44326920774247913,0.001098943930507327,1.379683009783427,0.0004863935687656825,0.49222958750194973,61,train
782.9240668402778,,0.0,0.0,0.5857763478680263,0.44494935210262027,2.5236039479573567,0.0015718127445628245,1.150391505824195,0.4511115140385098,0.0010977363485532503,1.3732124434577093,0.0004740763863082975,0.4855902777777778,62,train
780.4853814019098,,0.0,0.0,0.5874341542049061,0.4434621151477572,2.529145442114936,0.00152048694047456,1.1535302268134222,0.4479487743642595,0.0010665455270403375,1.3756152073542276,0.0004539414095537116,0.4898884680536058,63,train
779.6866387261284,,0.0,0.0,0.5849766999719634,0.4436667297331114,2.52477650642395,0.0014510886161588133,1.1488327741622926,0.4440574162536197,0.0010458162558885911,1.3759437322616577,0.00040527236124034973,0.4838857326242659,64,train
778.9368882921007,,0.0,0.0,0.5884448442430723,0.44986581466500714,2.5090904341803655,0.0014392303419299424,1.1425451384650336,0.43736379014121163,0.0010490804639024039,1.366545303662618,0.0003901498712366447,0.4942708333333333,65,train
778.2300726996527,,0.0,0.0,0.5821170758869912,0.43797331170903314,2.5383361233605277,0.0013406454663102826,1.1570225450727674,0.4422812104225159,0.0009675457957200706,1.3813135703404744,0.00037309967641097806,0.4919034090307024,66,train
777.0726779513889,,0.0,0.0,0.5847952053423912,0.4470269679786667,2.5413411723242865,0.0012731198337860405,1.1482901652654012,0.4396247161759271,0.0009038583317305893,1.393051020304362,0.00036926149720481287,0.4857849326398638,67,train
776.0081298828125,,0.0,0.0,0.5891076237672851,0.451445857139807,2.5115622255537247,0.001221254130359739,1.1392866690953574,0.44585738513204787,0.0008694348449353129,1.3722755564583673,0.0003518192912451923,0.48612163331773545,68,train
798.7435247247869,,0.44791350428622534,0.9679427088568321,0.5175976255884418,0.37980860674923117,,,,,,,,,69,valid
774.8663425021701,,0.0,0.0,0.5876656322252184,0.45662509143825564,2.5323778735266793,0.001198539421117554,1.1517881260977851,0.4434230903784434,0.00086401497052672,1.3805897447797988,0.0003345244549564086,0.480834385421541,69,train
773.9850667317709,,0.0,0.0,0.5925500956634996,0.45721133961564014,2.502344099680583,0.001123438593155394,1.1377483818266128,0.4449292229281531,0.0007958354292592654,1.3645957072575887,0.0003276031541948517,0.49689604375097485,70,train
773.8535997178819,,0.0,0.0,0.5873567316030699,0.450091287541011,2.5258150153689916,0.0010895566355126598,1.1482699950536093,0.44051685796843637,0.000784692878369242,1.377545009719001,0.00030486375180771574,0.49569128817982144,71,train
773.0861545138889,,0.0,0.0,0.5863326615047834,0.45029739375625344,2.554419978459676,0.0010526285138136398,1.156574108865526,0.4375860015551249,0.0007701610874695082,1.397845861646864,0.0002824674248889399,0.4788299666510688,72,train
772.0749579535591,,0.0,0.0,0.5897930662073786,0.4557844004933797,2.551487668355306,0.0009963759977836162,1.1604029602474637,0.42901996903949313,0.0007209804277711858,1.391084705458747,0.0002753955666169835,0.4769307659731971,73,train
770.35595703125,,0.0,0.0,0.5896411988943342,0.4541544628758279,2.539323393503825,0.0009963727226325622,1.156686086124844,0.43588992953300476,0.0007353989814873785,1.382637283537123,0.0002609737498763328,0.48628472222222224,74,train
770.2593356662327,,0.0,0.0,0.5901503090820616,0.45076140039970003,2.5473839071061875,0.0009841301556055744,1.1538416359159682,0.44371452132860817,0.0007298076059669256,1.3935422552956476,0.00025432255060877653,0.48619528611501056,75,train
769.5046888563368,,0.0,0.0,0.595909000956823,0.45814510051693236,2.5509637143876818,0.0009633678186219185,1.1634141445159911,0.43207718266381157,0.0007158262849164506,1.3875495778189766,0.0002475415380710425,0.47887205415301853,76,train
769.708629014757,,0.0,0.0,0.5894905352639773,0.45373663086266747,2.5552324189080133,0.0009362140359977881,1.1599407725863986,0.4270558642016517,0.00069672767422162,1.395291675461663,0.0002394863540151467,0.480739688873291,77,train
768.0199340820312,,0.0,0.0,0.5912225502824027,0.4520359873298615,2.540477720896403,0.0009198155875007312,1.1600710074106853,0.44079971412817637,0.0006945730516842256,1.3804066869947644,0.00022524253339118634,0.48262836668226455,78,train
798.9539184570312,,0.435040791708009,0.951541674659827,0.5099732489748434,0.40235895392569626,,,,,,,,,79,valid
767.3738538953993,,0.0,0.0,0.5912575736405358,0.4586136408741512,2.546508773167928,0.0009118972287978977,1.1654709259668985,0.43140224085913764,0.000680992950219661,1.3810378472010294,0.00023090428148861975,0.486989688873291,79,train
765.9020684136285,,0.0,0.0,0.5878442230915266,0.4564387338029014,2.5463071399264865,0.0008550588972866535,1.1549365732404921,0.4377544462680817,0.0006437164479090522,1.391370579931471,0.00021134244695228215,0.4812815659575992,80,train
765.9653266059028,,0.0,0.0,0.59741475009729,0.45912631667322584,2.547952021492852,0.0008500153994342933,1.1566766368018255,0.43727998601065743,0.0006438077175213645,1.3912753555509778,0.00020620768142786498,0.4764993680848016,81,train
765.2131930881077,,0.0,0.0,0.5923077081877087,0.45756181743409896,2.525495767593384,0.0008208466305707891,1.1433058367835152,0.4380960861841838,0.0006246478917698065,1.3821899440553453,0.000196198740741238,0.48733691109551325,82,train
764.2522203233507,,0.0,0.0,0.5974096776237564,0.4648424088245347,2.5425317605336506,0.0008131014765240252,1.157931563589308,0.4428834517796834,0.0006181066719970356,1.384600199593438,0.00019499480064647892,0.48852062225341797,83,train
764.0060587565105,,0.0,0.0,0.5952024166782697,0.46312586854374593,2.508431175020006,0.0007881306305838128,1.1349357260598076,0.4514438662264082,0.0005940934681954483,1.3734954648547701,0.0001940371662688752,0.48283354375097487,84,train
762.5222778320312,,0.0,0.0,0.5950367090247927,0.46334247943900875,2.5460976282755534,0.0007800819507489602,1.1582730955547758,0.4486510435740153,0.0005964196267692993,1.3878245247734917,0.00018366232446472472,0.4779619110955132,85,train
761.9353814019097,,0.0,0.0,0.6014689295301362,0.4720131947880699,2.531645721859402,0.000707565835909918,1.1457161863644918,0.44352801044782003,0.000541739731367367,1.3859295527140298,0.00016582610599774245,0.48595854375097486,86,train
760.9166598849827,,0.0,0.0,0.600218712029949,0.47087906800880636,2.5511708577473957,0.0007152045397864034,1.1632532278696697,0.4429441134134928,0.0005469189588135729,1.387917619281345,0.00016828557854751126,0.4820759680536058,87,train
759.3340766059027,,0.0,0.0,0.6037900382800708,0.47996776494241894,2.5489123980204265,0.000705963068564112,1.1576630141999986,0.441350128253301,0.0005388404882978648,1.3912493891186184,0.0001671225802662472,0.4834964222378201,88,train
800.3111405806108,,0.4334552369662056,0.9597377035073652,0.5182419181257099,0.40569007319289374,,,,,,,,,89,valid
758.6778049045139,,0.0,0.0,0.6007390293573576,0.4702938044828082,2.539069308174981,0.0006622360670007765,1.1526694721645778,0.4318806310494741,0.0005056498892372474,1.3863998307122125,0.0001565861835842952,0.47749368680848014,89,train
757.121435546875,,0.0,0.0,0.59714178092896,0.4696707493965588,2.548021846347385,0.0006464220234192908,1.1627907223171658,0.4368291397889455,0.0004989310740105187,1.385231121381124,0.0001474909494087721,0.4784511778089735,90,train
758.3580295138889,,0.0,0.0,0.5974035407579135,0.4729751972688569,2.5631558577219646,0.0006668648585521926,1.160953368080987,0.4400731556945377,0.0005188686375428612,1.402202508184645,0.000147996219311608,0.47315340903070235,91,train
756.708426920573,,0.0,0.0,0.6004122908153232,0.4776289353531504,2.548729832967122,0.0006184432131703943,1.162905044025845,0.441623412238227,0.00047215624751212695,1.3858247942394681,0.00014628696153522468,0.4851010104020437,92,train
755.713001844618,,0.0,0.0,0.6025064901384727,0.47304875365010013,2.5498195277320015,0.0005950291369420786,1.1527055740356444,0.43210218283865187,0.0004634976484036694,1.3971139483981663,0.00013153149266145192,0.47453177637524074,93,train
755.8762817382812,,0.0,0.0,0.6050917216946208,0.4719074935667098,2.5526286390092636,0.000597001261000211,1.1624009211858113,0.43180055220921837,0.00045856754489553473,1.3902277178234523,0.00013843371537708055,0.4790667090151045,94,train
755.0867730034722,,0.0,0.0,0.6055037593794248,0.4785914851796059,2.5340849028693304,0.0005777756198464582,1.1482047239939372,0.45098170902993945,0.0004427657210423301,1.3858801868226793,0.00013500989977425584,0.48280197779337564,95,train
755.7212904188368,,0.0,0.0,0.6054473482427143,0.4790803464868711,2.541095018386841,0.00056261401817513,1.161805844306946,0.4328514417012533,0.0004370197071693838,1.379289174079895,0.00012559431246093785,0.48065551386939154,96,train
752.5587619357639,,0.0,0.0,0.6038818769748249,0.4775133733475018,2.529932043287489,0.0005553362483624369,1.1560875230365328,0.445610241095225,0.000429631513543427,1.3738445308473375,0.00012570473700179718,0.4779724326398638,97,train
752.3940619574653,,0.0,0.0,0.6033178723284176,0.47813152812776105,2.538918701807658,0.0005580846569500864,1.1562339862187703,0.4418390022383796,0.0004284613406828915,1.3826847288343642,0.00012962331481200333,0.48157617780897355,98,train
802.099326393821,,0.4358187667046385,0.9475686910555755,0.5292496318360428,0.41693362816200624,,,,,,,,,99,valid
751.1144680447048,,0.0,0.0,0.6059093857568408,0.47923108828919275,2.5512913597954645,0.000522883454686962,1.1557714965608386,0.43713269631067914,0.00039806678638948747,1.3955198605855306,0.00012481666199164464,0.47881944444444446,99,train
750.6847574869792,,0.0,0.0,0.6034109376016117,0.47854899995856826,2.5431510766347247,0.00048455065892388425,1.157013632191552,0.4434482819504208,0.0003754436717523883,1.3861374510659112,0.00010910698692896403,0.4772885104020437,100,train
749.2978434244792,,0.0,0.0,0.6114580175154424,0.48841917942125335,2.5633787314097085,0.0004857650143094361,1.1723970161543953,0.42636196480857,0.0003784728265600279,1.3909817245271472,0.0001072921892045997,0.4871632999844021,101,train
750.3485039605034,,0.0,0.0,0.6086342151439379,0.48457512569332883,2.547262536154853,0.0004815494738674412,1.1598285675048827,0.4319421112537384,0.00038245798690089336,1.3874339871936374,9.909148575388826e-05,0.48154461251364816,102,train
747.4402642144097,,0.0,0.0,0.6047988794389225,0.4851555374170106,2.5533389462365044,0.0004685692789886768,1.1596250454584758,0.43981732394960193,0.0003681216388940811,1.3937138769361708,0.00010044764251991486,0.4750631312529246,103,train
746.2844197591146,,0.0,0.0,0.6093826895431868,0.48681441377552737,2.529453987545437,0.0004654353824056064,1.1466934190856086,0.4440471218691932,0.00036912544746883216,1.3827605724334717,9.630993372411467e-05,0.4825862791803148,104,train
744.5194078233507,,0.0,0.0,0.6089560345524833,0.47918269068948816,2.5555733892652723,0.00045023799757473173,1.163843486044142,0.44133606089486016,0.0003585361147997901,1.3917299217647976,9.170188398760123e-05,0.47964541249805026,105,train
744.5729573567709,,0.0,0.0,0.6114570260284439,0.4873463180566592,2.566337892744276,0.0004419516820538168,1.1710888942082722,0.4312241269482507,0.00035707530041690917,1.3952490011850993,8.487638066677998e-05,0.48269149859746296,106,train
744.5680148654513,,0.0,0.0,0.6047746779663222,0.4801999162823435,2.5524605804019505,0.00042322207785521946,1.1670675118764242,0.43523167702886795,0.0003329174020715679,1.3853930605782403,9.030467651124733e-05,0.47694128817982145,107,train
745.0296061197917,,0.0,0.0,0.6048212914003266,0.48024715244296995,2.559607325659858,0.0004163882549619302,1.173397167523702,0.4312367757161458,0.00033434962291115273,1.3862101713816324,8.203863447609668e-05,0.4787984000311957,108,train
802.8054809570312,,0.4332949392564042,0.9544103049575352,0.5192417541107575,0.4045744577979113,,,,,,,,,109,valid
743.3176391601562,,0.0,0.0,0.6060476969001155,0.48480771303807607,2.5318984826405844,0.0004124267434235662,1.145929996172587,0.43675732215245566,0.00033050628650623063,1.3859684944152832,8.192045643227175e-05,0.48098695278167725,109,train
742.5776204427083,,0.0,0.0,0.6087807749708494,0.4778193558965411,2.5333642535739473,0.00042032823936703306,1.1467039770550198,0.4524692257245382,0.0003300219783947493,1.3866602844662137,9.030626048721994e-05,0.48509048819541933,110,train
742.2355617947048,,0.0,0.0,0.6085701312337604,0.48847165592606095,2.532356267505222,0.00041700931421170633,1.14998709625668,0.4411607033676571,0.00033683502115309236,1.382369179195828,8.017429330114586e-05,0.4818444867928823,111,train
741.3276326497396,,0.0,0.0,0.6095233628201105,0.48956771384155945,2.546693664126926,0.00041121408673158537,1.1578430467181735,0.4373692572116852,0.00032962059194687756,1.3888506280051338,8.15934933295163e-05,0.4781776097085741,112,train
739.7498996310763,,0.0,0.0,0.6105080560795844,0.4874280720239593,2.5370052602556017,0.00042436505124593773,1.1514686054653591,0.4380704078409407,0.0003367260214872658,1.3855366627375285,8.763903024373576e-05,0.48283354375097487,113,train
740.3042277018229,,0.0,0.0,0.6112899418388094,0.49254793214892584,2.536800972620646,0.00039679222196961443,1.1546254131529066,0.4343168768617842,0.00031375715722485137,1.3821755488713583,8.303506765514613e-05,0.4859375,114,train
738.6805881076389,,0.0,0.0,0.6159889119721594,0.49366006434909876,2.5286319414774576,0.0003842018990932653,1.1478929625617134,0.4450504329469469,0.00030901101757384216,1.3807389868630304,7.519088248955085e-05,0.4794718013869392,115,train
739.2727837456597,,0.0,0.0,0.6172311056700964,0.4970853640683114,2.523667822943793,0.00037577602876505504,1.1498080121146308,0.4405501014656491,0.00031127818122816584,1.3738598267237345,6.449784729435729e-05,0.4817708333333333,116,train
737.1570990668403,,0.0,0.0,0.6124637628595034,0.49659696046322116,2.547410790125529,0.0003716546450353538,1.1618609878751966,0.4376352899604373,0.00030475956349012754,1.385549823443095,6.689508021130071e-05,0.4867950333489312,117,train
736.3307291666666,,0.0,0.0,0.6134646974385731,0.4860737249728232,2.5480067359076606,0.00038522196312745414,1.1619685411453247,0.4411170158121321,0.0003123267941797773,1.3860382027096219,7.28951674924853e-05,0.4814025666978624,118,train
805.0384133078835,,0.4305946766447148,0.9485442926822176,0.5150603198192336,0.39860332147641614,,,,,,,,,119,valid
737.0492323133681,,0.0,0.0,0.6112093315238045,0.49905319637249385,2.5590502156151667,0.00038412923264938097,1.1642250590854222,0.44367416037453544,0.00031884410661101964,1.3948251459333632,6.528512712975499e-05,0.4802293770843082,119,train
735.127825249566,,0.0,0.0,0.6151000881951952,0.4944282967892904,2.5427932686275905,0.00037528202713777624,1.1598453336291843,0.4311334100034502,0.000307634463145708,1.3829479376475016,6.76475660535895e-05,0.47794086668226454,120,train
734.6429565429687,,0.0,0.0,0.6150780311416066,0.4967905231174969,2.549151547749837,0.0003763294885478293,1.1558416604995727,0.4337154342068566,0.0003050621501946201,1.3933098978466458,7.126733726181556e-05,0.475952230559455,121,train
735.4454983181423,,0.0,0.0,0.6116315133751384,0.48712806283008486,2.549905527962579,0.00035077350912615657,1.1641665246751574,0.4302503009637197,0.00028563596909710515,1.3857390191819934,6.513753905892372e-05,0.4868476430575053,122,train
733.0656358506944,,0.0,0.0,0.6143118501419114,0.4871235228247113,2.5302642610337998,0.0003563881909940392,1.1422149724430508,0.4542514940102895,0.00029351863098175577,1.3880492713716295,6.286956158874091e-05,0.4774305555555556,123,train
732.1749145507813,,0.0,0.0,0.6198074122506475,0.4975555177482348,2.5353125625186497,0.00034266595321241766,1.158403386010064,0.4300561567147573,0.0002821863779293684,1.3769091924031576,6.047957103874069e-05,0.4815551347202725,124,train
731.7636379665798,,0.0,0.0,0.619022140569157,0.4954646851808306,2.5437123828464085,0.0003447055486806979,1.1534300208091737,0.4393342627419366,0.00028515335822400326,1.3902823527654011,5.955218924403501e-05,0.48079229791959127,125,train
730.643359375,,0.0,0.0,0.6126449435476273,0.49644028617749136,2.5167702251010473,0.0003380230472733577,1.1437819719314575,0.44727041986253524,0.0002792796760331839,1.372988239924113,5.874337063384398e-05,0.4860900666978624,126,train
730.233719889323,,0.0,0.0,0.6139702994435552,0.4990845351465165,2.5303824795616996,0.00034340140603793164,1.153900682926178,0.436545729637146,0.0002881742305665587,1.3764817979600694,5.522717595643674e-05,0.48363846805360583,127,train
730.1457967122395,,0.0,0.0,0.6152002081511513,0.4976291840748181,2.5388004779815674,0.0003218010717925305,1.1503663937250772,0.4434434023168352,0.00026792273468648393,1.388434068361918,5.3878337469844456e-05,0.48708964586257936,128,train
807.3815196644176,,0.4380371063782095,0.9517861614119192,0.5274652435214489,0.4104134991958544,,,,,,,,,129,valid
729.327008734809,,0.0,0.0,0.6205673409832848,0.5101127513817378,2.5440268092685274,0.00031063414838475485,1.1557582325405544,0.4386999746163686,0.0002566450353090962,1.3882686138153075,5.3989111741733116e-05,0.4788615319463942,129,train
728.3729966905382,,0.0,0.0,0.6200222693265431,0.4996418754496271,2.5302357302771674,0.0002917226772600164,1.1453238407770792,0.45106033484141034,0.00024262283113785088,1.3849119053946601,4.909984478823996e-05,0.4788299666510688,130,train
726.8857476128472,,0.0,0.0,0.6186366549323475,0.506498396585858,2.548285717434353,0.000301534936685736,1.1620048761367798,0.4324097666475508,0.0002550341775834871,1.3862808412975736,4.6500758374653134e-05,0.478635311126709,131,train
727.0018513997396,,0.0,0.0,0.6189366591591684,0.5008261793426105,2.531664747662014,0.00029551535553764554,1.1521965053346421,0.44043049414952595,0.0002464645944807368,1.3794682343800864,4.905075996551507e-05,0.4852640993065304,132,train
726.5299112955729,,0.0,0.0,0.6210631897998234,0.5013383608725336,2.527227110332913,0.00029700772574869916,1.1549591514799329,0.4344392584429847,0.000239185893345469,1.3722679562038846,5.7821829735379045e-05,0.4871212124824524,133,train
725.1629503038195,,0.0,0.0,0.6226157933710114,0.5000659262377118,2.527287318971422,0.0002951512763199086,1.1480115996466742,0.44762896100680033,0.00023554621584480627,1.3792757193247478,5.960505780725119e-05,0.47813552220662436,134,train
724.6681762695313,,0.0,0.0,0.6231974387925768,0.5057921413391356,2.5316970030466717,0.0003011758807891359,1.1462021297878688,0.4413869082927704,0.00024486479960614813,1.385494844118754,5.6311078878934495e-05,0.4786668770843082,135,train
724.4670532226562,,0.0,0.0,0.6204376351029154,0.5002439010474417,2.532205597559611,0.00029081529064569624,1.152564557393392,0.4382412983311547,0.0002346427999630881,1.3796410401662191,5.6172490440076216e-05,0.4799137208196852,136,train
723.8447658962674,,0.0,0.0,0.6238674289650388,0.5025705888867378,2.5444624265034994,0.00029099203820806,1.1566285212834677,0.4411981754832798,0.00023062878365938863,1.3878339052200317,6.0363251395756376e-05,0.48141308890448675,137,train
723.7327311197917,,0.0,0.0,0.6191480459438431,0.5062452647421095,2.5154418680402966,0.00028891403586991753,1.1405455112457275,0.4506093422571818,0.00023115629883250222,1.3748963806364272,5.775773727994723e-05,0.4878156569268968,138,train
810.3112460049716,,0.43446698214951257,0.9531117730549213,0.5124030429627988,0.40188223636382586,,,,,,,,,139,valid
721.8789116753472,,0.0,0.0,0.6262796769776041,0.5108367767362367,2.534657769733005,0.0002786977716217128,1.147393086221483,0.44510059422916837,0.00022428714534423005,1.3872646782133313,5.441062542862104e-05,0.48143413331773544,139,train
722.0354654947917,,0.0,0.0,0.6247251180665834,0.5031308392920191,2.5205151663886176,0.00027210673336715746,1.1433143615722656,0.4512381722529729,0.0002141076882253401,1.377200796869066,5.799904489928546e-05,0.4860900666978624,140,train
721.524169921875,,0.0,0.0,0.6212044108481634,0.5040920353361539,2.5095791657765707,0.00027525380088870105,1.133151990837521,0.45171539849705167,0.00021333591818499068,1.3764271762635973,6.191788246117843e-05,0.4810869110955132,141,train
718.9795518663194,,0.0,0.0,0.6267352881412658,0.5078188785011807,2.537619463602702,0.00026394127150221417,1.151849333445231,0.4475045707490709,0.00020563953051654001,1.3857701195610894,5.8301741470738e-05,0.4676662458313836,142,train
719.5156182183159,,0.0,0.0,0.6319238699381313,0.5076219321716399,2.5114933119879828,0.00025548371001301955,1.141100655661689,0.4407804813649919,0.0002001297155705591,1.3703926695717705,5.53539933510668e-05,0.48668455415301853,143,train
718.9004516601562,,0.0,0.0,0.6279013456806304,0.5108476503264338,2.517766480975681,0.0002572936151409522,1.145125839445326,0.44302830232514273,0.00020733252604259177,1.3726406335830688,4.996109079608383e-05,0.487184343735377,144,train
718.1874796549479,,0.0,0.0,0.6230628264565317,0.5031618261857639,2.527360963821411,0.0002517414395697415,1.1443958971235486,0.44486953020095826,0.00020503304549492895,1.382965056101481,4.670839443861041e-05,0.4837226430575053,145,train
716.9166354709201,,0.0,0.0,0.6255214480180589,0.5070918304343072,2.512362273534139,0.0002430256567701387,1.147874395052592,0.4407558103402456,0.00019880239027164254,1.364487878481547,4.4223266619762096e-05,0.4831281569268968,146,train
716.5183580186632,,0.0,0.0,0.627401994263369,0.513002149311323,2.5122253523932563,0.00024246638155697535,1.1425177706612482,0.4405190368493398,0.00019529802326966698,1.369707587030199,4.716835646831896e-05,0.481881312529246,147,train
716.162919108073,,0.0,0.0,0.6296539145802694,0.5171895679973421,2.509971645143297,0.00023968781994578118,1.1384457482231989,0.45350445442729526,0.00019266612701661264,1.3715258810255262,4.7021691959040863e-05,0.49395517706871034,148,train
814.1503351384944,,0.4306539051427063,0.9568416222308209,0.5031444631613694,0.4018149030479518,,,,,,,,,149,valid
715.2864569769965,,0.0,0.0,0.6254027425769776,0.5074886985004895,2.525930251015557,0.00024428455071756616,1.1442917293972439,0.45171931319766573,0.00019629846259097878,1.3816385401619806,4.798608764152353e-05,0.4814762208196852,149,train
715.5460720486111,,0.0,0.0,0.6274289594519706,0.5046879173980818,2.516648981306288,0.0002348649242776446,1.1399308072196113,0.46175115174717374,0.00019031014380743727,1.376718184683058,4.4554781804132894e-05,0.48364899026023017,150,train
714.4461873372396,,0.0,0.0,0.6291709916459189,0.5080936075676056,2.516481632656521,0.00023353597838043544,1.134665478600396,0.45343396862347923,0.0001936737472230258,1.3818161646525065,3.986223097551071e-05,0.4814867423640357,151,train
713.6836385091145,,0.0,0.0,0.626097265690092,0.5083732638567213,2.5123202164967853,0.00021623878322619324,1.1323942025502522,0.44988553126653036,0.0001778144539760736,1.379925995402866,3.8424330038348366e-05,0.4882470541530185,152,train
712.6605997721355,,0.0,0.0,0.6307176274439645,0.5155665025351539,2.526731167899238,0.00022658693633275105,1.1482529719670613,0.4454563624329037,0.00018462211349590992,1.378478193283081,4.1964821745447506e-05,0.48453808890448674,153,train
712.2823513454861,,0.0,0.0,0.6283463795900975,0.513839473626601,2.5005385027991403,0.00023504804024317613,1.1331599606408014,0.4571254293123881,0.00019274031801614911,1.3673785262637668,4.230772162069722e-05,0.4925347222222222,154,train
712.3606038411458,,0.0,0.0,0.6338268398765533,0.5190549348791441,2.5013450887468127,0.0002325363864656538,1.127408011754354,0.4606207622422112,0.00018788816717763742,1.3739370902379353,4.464822062194192e-05,0.48615319861306083,155,train
711.1918429904514,,0.0,0.0,0.6328534454107284,0.5211606233129427,2.506366263495551,0.00022590171574847772,1.1436644898520576,0.4456593970457713,0.00017837496658709522,1.3627017656962077,4.7526750495308076e-05,0.49040930138693917,156,train
711.6700710720486,,0.0,0.0,0.6306264002171774,0.5156001420484648,2.510809458626641,0.00022045647929189727,1.138509782155355,0.446800951162974,0.00017213075722490127,1.3722996791203816,4.8325720975602356e-05,0.4857112791803148,157,train
711.297620985243,,0.0,0.0,0.6288425477487701,0.5163506610289452,2.508074649175008,0.00022543608162474508,1.1268484830856322,0.4527933206823137,0.00017271656543016434,1.3812261740366618,5.271951631584671e-05,0.4710911194483439,158,train
814.795332475142,,0.4258904378056062,0.957322389351657,0.5057828853076155,0.4076531807130033,,,,,,,,,159,valid
708.8667168511284,,0.0,0.0,0.633213697113688,0.5224398507721841,2.50229402118259,0.00022118914736590038,1.1270617643992107,0.446877164973153,0.00016598221845924853,1.3752322647306654,5.5206928179056075e-05,0.48314920001559786,159,train
708.3235799153646,,0.0,0.0,0.6279419238841722,0.5166252792827666,2.503761789533827,0.0002165683778002858,1.1315912034776476,0.4526219732231564,0.00016857391892699525,1.3721705993016562,4.799445911582249e-05,0.4880734430419074,160,train
708.1187974717882,,0.0,0.0,0.6302184407200132,0.5178743669201457,2.5259340233272978,0.00021405740990303456,1.14570818344752,0.4450587405098809,0.0001667753305810038,1.380225862397088,4.7282080049626527e-05,0.4819339222378201,161,train
707.9849419487847,,0.0,0.0,0.6371348940663868,0.5208533029865335,2.5021606180402967,0.00020030007290188222,1.1321648544735379,0.4599968387020959,0.00015391786534261578,1.369995747672187,4.6382207438000476e-05,0.4829229791959127,162,train
707.2395385742187,,0.0,0.0,0.6344847326004316,0.519121879741313,2.4932852745056153,0.00021101551489361253,1.1314461761050754,0.46364625758594935,0.00015640978817828,1.3618390825059679,5.460572780672616e-05,0.4882049666510688,163,train
706.3173624674479,,0.0,0.0,0.6335807804313918,0.5183085586343493,2.5067936685350207,0.0002095273705587412,1.1363059282302856,0.45467989775869583,0.00015498072364910815,1.370487740304735,5.454664715216495e-05,0.4822916666666667,164,train
706.4652167426216,,0.0,0.0,0.631937499344349,0.5238437281951072,2.5018131521013047,0.00019762468291446568,1.1282940228780112,0.45466335283385384,0.00015452353036380373,1.373519123925103,4.310115109547041e-05,0.48422243263986375,165,train
705.3451361762153,,0.0,0.0,0.6325112582908736,0.5162232089610327,2.500595702065362,0.00019939676470433673,1.1323767953448824,0.4566030767228868,0.00015651407981446633,1.3682188855277166,4.2882684283540584e-05,0.481881312529246,166,train
705.3834092881945,,0.0,0.0,0.6385895524233106,0.5235740200394675,2.4951317257351344,0.00019610716020300364,1.124516601032681,0.46946250663863287,0.00015000121735890085,1.3706151300006442,4.610594199524106e-05,0.4848747889200846,167,train
704.305497233073,,0.0,0.0,0.6366436203793873,0.5204359770057694,2.490333334604899,0.00020148506009718404,1.1316526982519362,0.4531564811865489,0.00014841685333522037,1.3586806217829386,5.3068207004495584e-05,0.49341329998440214,168,train
819.7608920010654,,0.42557667528992515,0.9598740506298514,0.5006254464387894,0.3983255577358333,,,,,,,,,169,valid
705.071135796441,,0.0,0.0,0.634432389811864,0.5234728136469448,2.5100380367702906,0.00020102406900453693,1.1397190623813205,0.4508212109406789,0.0001511587780745079,1.370318971739875,4.986529068749708e-05,0.4828125,169,train
703.7673719618056,,0.0,0.0,0.6340142537204047,0.5182980065780972,2.486994308895535,0.00019157725667658573,1.1247975720299614,0.45678037802378335,0.00014400287085057547,1.3621967342164782,4.7574386311074095e-05,0.48619528611501056,170,train
702.7683756510417,,0.0,0.0,0.639724097933088,0.532322662501108,2.50965895652771,0.00018633340077940376,1.1296235667334662,0.4540090594026778,0.00014577754700439982,1.380035392443339,4.055585377500392e-05,0.48020833333333335,171,train
702.1513020833333,,0.0,0.0,0.6353547050366326,0.5232929067242713,2.4808380868699818,0.00018875499081332235,1.125674193435245,0.45427757170465255,0.00015170910070689086,1.3551639080047608,3.704589095529324e-05,0.49512836668226456,172,train
701.3982530381944,,0.0,0.0,0.6389954699646858,0.5329461250749846,2.4841176721784803,0.0001934409966149057,1.1286597596274481,0.4540072765615251,0.00015370552040015658,1.3554579046037463,3.973547560841932e-05,0.4861111111111111,173,train
700.4662868923612,,0.0,0.0,0.6432463327334041,0.5325350588512799,2.492145824432373,0.00019505134065790722,1.1284012953440348,0.4592857261498769,0.0001493172737051888,1.3637445158428616,4.5734067680314186e-05,0.4850799666510688,174,train
699.4218939887153,,0.0,0.0,0.6363063952042942,0.5276629059797242,2.4945648670196534,0.000189490145809638,1.1288057698143854,0.4569619980123308,0.00014922009553022992,1.3657590919070774,4.027004991561019e-05,0.4851536194483439,175,train
699.403668891059,,0.0,0.0,0.6395768644081222,0.5269213567887033,2.4995039410061306,0.0001856662779270361,1.1258301258087158,0.4593603458669451,0.00014093113228833923,1.3736738098992243,4.473514551743089e-05,0.485621843735377,176,train
698.3553873697916,,0.0,0.0,0.6401937474097524,0.5170394960850004,2.4803395960066053,0.00018041122045057514,1.1212048239178127,0.4610536336898804,0.00013729216201075663,1.359134774737888,4.311905904614832e-05,0.49044086668226455,177,train
699.4212009006077,,0.0,0.0,0.6410447403078987,0.5257237985257118,2.505737066268921,0.00017559705738676712,1.1356213794814216,0.4451098554664188,0.00013509653217624873,1.3701157093048095,4.050052472545455e-05,0.4952388472027249,178,train
820.8650734641335,,0.42945249899918797,0.9652727896560862,0.5107325622207158,0.3911504562605511,,,,,,,,,179,valid
697.9366468641493,,0.0,0.0,0.642441604534785,0.5286712986372767,2.498061301973131,0.00017122792341979222,1.1268000615967644,0.46462030013402306,0.00013176193582088065,1.3712612496482002,3.946598844777327e-05,0.4939762208196852,179,train
698.3117580837674,,0.0,0.0,0.6451960501453233,0.5254185820146213,2.493943463431464,0.00015454652724050295,1.121016546090444,0.45717367662323843,0.00012098732355904455,1.372926918665568,3.355920440905417e-05,0.48627420001559785,180,train
696.2968967013888,,0.0,0.0,0.6396589278938278,0.5239985369027608,2.4925465106964113,0.000155906482541468,1.1251188741789924,0.4564762618806627,0.00012384705890629752,1.3674276298946804,3.2059423453271545e-05,0.4850799666510688,181,train
696.3490003797743,,0.0,0.0,0.6410800426015779,0.533109730505754,2.4930723667144776,0.00015137735802757865,1.1310959180196127,0.45190896259413826,0.00011818164760673729,1.361976448694865,3.319571011767645e-05,0.4909722222222222,182,train
695.9223361545139,,0.0,0.0,0.6418652198380893,0.5326783410850026,2.4759191777971057,0.00014962220060018203,1.1139448907640246,0.46239312556054857,0.00011484100056501726,1.361974310874939,3.478119973199985e-05,0.4831281569268968,183,train
696.7932942708334,,0.0,0.0,0.6394439284290586,0.5296628892894775,2.4910915268792047,0.00015379992740539213,1.126426797442966,0.45615103509691024,0.00011693416478616806,1.3646647108925714,3.6865762255426185e-05,0.48590593470467464,184,train
694.3354302300347,,0.0,0.0,0.6412950725072907,0.5260781480679437,2.4815322346157496,0.00015264921967172995,1.119415381219652,0.46584272185961406,0.00011916418661712669,1.3621168586942884,3.348503293333731e-05,0.48875210417641535,185,train
694.5433512369792,,0.0,0.0,0.6408990238630582,0.5320535116962024,2.4702049679226343,0.00014993313379818574,1.112740268972185,0.4650184922748142,0.00011993415634303043,1.3574647135204738,2.9998977697687224e-05,0.4869791666666667,186,train
693.797893608941,,0.0,0.0,0.6503585473176032,0.5374925756265247,2.47250018119812,0.0001446286759649714,1.1152154816521538,0.4645641850100623,0.00012004408660383584,1.3572847233878242,2.458458911860362e-05,0.4871422555711534,187,train
693.0321885850694,,0.0,0.0,0.6419091061467216,0.5256619446097858,2.480396842956543,0.00014224763435777277,1.111393576198154,0.4734503044022454,0.0001165185441398838,1.3690032535129124,2.5729090217888977e-05,0.4944654881954193,188,train
825.959677956321,,0.43010661301577147,0.9594499857574228,0.501945944672281,0.4159524149515412,,,,,,,,,189,valid
693.314375813802,,0.0,0.0,0.6447312798528444,0.5365669168650158,2.4808460977342395,0.00014302795340578693,1.1182118508550856,0.45747142367892796,0.00011638091818895191,1.3626342746946547,2.6647035519999916e-05,0.4920770201418135,189,train
693.3825778537326,,0.0,0.0,0.646674492482155,0.5433314655981367,2.467690028084649,0.00014945353323128074,1.1100766566064624,0.4630149450567034,0.00011944657623340997,1.3576133569081625,3.0006956815971838e-05,0.49020412498050264,190,train
690.6725992838542,,0.0,0.0,0.640262447368531,0.530015565123823,2.4873351044125025,0.00014595279644709082,1.1180228392283122,0.4590493420759837,0.00011604218379943632,1.3693122492896186,2.991061289018641e-05,0.49081965486208595,191,train
691.4527750651042,,0.0,0.0,0.6466503809132274,0.5331481127511888,2.4703202406565348,0.00014705273085079777,1.111351572142707,0.45973646971914506,0.00011763858104435106,1.3589686685138278,2.9414149685180747e-05,0.48612163331773545,192,train
690.1393052842882,,0.0,0.0,0.6429176383390628,0.5301165575703616,2.4744622707366943,0.00015112145871777708,1.1148936443858677,0.45929933057891,0.00011682181284413672,1.3595686382717556,3.429964514604459e-05,0.4852430555555556,193,train
690.4242078993055,,0.0,0.0,0.6477348087089402,0.5459230541000291,2.4816085868411593,0.000151854697711921,1.1112549675835504,0.4630938847859701,0.00011733936286570193,1.3703536139594183,3.451533514938395e-05,0.4807712541686164,194,train
689.3975694444445,,0.0,0.0,0.6472992266927448,0.5357986856784139,2.4811595916748046,0.0001422767299421442,1.1171936247083876,0.4496998124652439,0.00011077468273773169,1.363965974913703,3.150204775010934e-05,0.4832228534751468,195,train
689.6042521158854,,0.0,0.0,0.6464210421083465,0.5384632112014861,2.4628295368618436,0.00014878210737758005,1.1063926617304485,0.4713728884855906,0.00011725497630929263,1.3564368777804905,3.1527131735250195e-05,0.4902567333645291,196,train
688.3802096896701,,0.0,0.0,0.6520499042338795,0.5372626408698067,2.472605069478353,0.000150065882189665,1.1151214692327711,0.4599119974507226,0.00011852242532768286,1.357483598921034,3.154345577058848e-05,0.4878998319307963,197,train
688.3184380425347,,0.0,0.0,0.6487415270199851,0.535277156579116,2.468128220240275,0.00015563311705288168,1.1098718219333226,0.4636226322915819,0.00011754181662884852,1.358256385061476,3.809129981770336e-05,0.4880734430419074,198,train
827.5951981977983,,0.4362999241178189,0.9713443084102369,0.4981963203905465,0.40582214615174705,,,,,,,,,199,valid
687.2027452256945,,0.0,0.0,0.6475320866656682,0.5389353281212231,2.4755639394124347,0.0001537027274025604,1.107194839583503,0.4633790228101942,0.00011451769460109062,1.3683690945307414,3.918503328653363e-05,0.4859690659575992,199,train
686.7316365559896,,0.0,0.0,0.642120516844212,0.5362160884908267,2.470005655288696,0.00015684965474065392,1.1116865131590101,0.4728593197133806,0.00011542650342259246,1.358319150076972,4.142315253072108e-05,0.48509048819541933,200,train
687.0688788519965,,0.0,0.0,0.6494761933646505,0.5431354436136427,2.467500517103407,0.00015039083300507627,1.1050807462798224,0.4634424540731642,0.0001125959546091811,1.3624197721481324,3.7794879184123904e-05,0.48854166666666665,201,train
686.065052625868,,0.0,0.0,0.6483998948146427,0.5394579579432804,2.460608779059516,0.0001462255643370251,1.105632401837243,0.4696431219577789,0.00011130422208225355,1.3549763679504394,3.49213414665428e-05,0.4904513888888889,202,train
685.2740858289931,,0.0,0.0,0.6518694953076423,0.5502758717489621,2.4652584075927733,0.00014353100195876322,1.1098119921154446,0.4737745503584544,0.00010820596241198169,1.355446418126424,3.532503894045173e-05,0.4912773569424947,203,train
684.5219645182292,,0.0,0.0,0.6520607564420927,0.5445209679385972,2.46746875445048,0.0001391194775351323,1.1089112838109334,0.4689052402973175,0.00010128006567053186,1.358557489183214,3.783941137953661e-05,0.48734743263986374,204,train
684.6648654513889,,0.0,0.0,0.650550105671088,0.5464999671256732,2.4508410930633544,0.00014469279849436135,1.1072118560473123,0.46587688194380866,0.0001088424517850702,1.3436292330423991,3.585034749751988e-05,0.494996843735377,205,train
683.5111070421007,,0.0,0.0,0.6546374066954567,0.5477293656931983,2.451830826865302,0.00013703485019505023,1.095423130194346,0.4710440542962816,9.871572086315913e-05,1.3564077138900756,3.8319128846827274e-05,0.49224010970857407,206,train
682.9335476345486,,0.0,0.0,0.6511329792085149,0.5455224613348644,2.4581411096784804,0.00013320964717422612,1.0991923226250542,0.46965146991941664,9.519300753405939e-05,1.3589487976498074,3.801663830624117e-05,0.4892045458157857,207,train
683.2925686306423,,0.0,0.0,0.650505802602995,0.5409178494934052,2.4624894671969946,0.00013901635538786649,1.107966599199507,0.4599525597360399,9.828993812940704e-05,1.3545228799184164,4.072641568200197e-05,0.4923926770687103,208,train
830.9095070578835,,0.4274830894616725,0.9554706247362167,0.4996942601033619,0.4056388852851731,,,,,,,,,209,valid
683.032603624132,,0.0,0.0,0.6522669313918976,0.5409574431086344,2.4707389566633435,0.00013750705984421073,1.1092553032769097,0.46841720342636106,9.845185268204659e-05,1.3614836639828152,3.905520752596203e-05,0.48673716319931876,209,train
682.0301907009549,,0.0,0.0,0.6518016779706591,0.5397773539026578,2.4503794352213544,0.0001364322912801678,1.0953447368409899,0.46196949084599814,0.00010113929868869794,1.3550347089767456,3.529299168197516e-05,0.48919402360916137,210,train
683.507233344184,,0.0,0.0,0.6514363774231503,0.5414660847849316,2.456668429904514,0.00013539455637025336,1.100574133131239,0.4731808927324083,9.91356595477555e-05,1.356094307369656,3.625889712566277e-05,0.48668455415301853,211,train
680.877483452691,,0.0,0.0,0.6507126252093013,0.5432336836816772,2.4701961199442546,0.00013464935691445134,1.1129418783717686,0.46428976787461174,9.747249835830492e-05,1.3572542561425103,3.717685673715702e-05,0.4861637208196852,212,train
682.3646565755208,,0.0,0.0,0.651608156306403,0.5416187362538444,2.442209233178033,0.0001323944889008999,1.0777173585361906,0.47250902718967863,9.770276883500629e-05,1.3644918653700087,3.469171970209573e-05,0.4864583333333333,213,train
681.4720838758681,,0.0,0.0,0.6500429947224874,0.5416835067291109,2.4463631206088596,0.00013121777155902236,1.0929578781127929,0.47095419632063973,9.613508567175207e-05,1.3534052530924479,3.508268703929692e-05,0.4904513888888889,214,train
680.8710354275173,,0.0,0.0,0.6542498206571927,0.5393262548815637,2.4419618288675946,0.00013421674714966987,1.0895364218287997,0.47517479989263744,9.137671634865304e-05,1.3524254057142469,4.2840031528612596e-05,0.49224010970857407,215,train
680.6938137478298,,0.0,0.0,0.6539617829616107,0.5440136500530772,2.4637152671813967,0.00013004023615697708,1.1238222175174288,0.45864052375157677,9.113601505911599e-05,1.3398930417166817,3.8904221037228125e-05,0.4989793770843082,216,train
679.9204684787327,,0.0,0.0,0.6508252797618745,0.5440629840133683,2.4443456861707897,0.00011900413228431717,1.093873557779524,0.4759764744175805,8.328234859315368e-05,1.3504721191194322,3.572178405496136e-05,0.49825336668226455,217,train
681.1386447482639,,0.0,0.0,0.6535745872155068,0.5429559289936036,2.4294987625545925,0.00012354868619392315,1.0850190334849887,0.4795607672797309,8.804971099986384e-05,1.3444797409905327,3.5498975375958255e-05,0.49474957916471696,218,train
833.8775412819602,,0.43161435521765684,0.9569833165352034,0.49585393400161304,0.4089336587817638,,,,,,,,,219,valid
679.6820814344618,,0.0,0.0,0.651711179765444,0.539859968707675,2.447230566872491,0.00012815621084882878,1.098285072379642,0.46890813575850593,8.57209988074222e-05,1.3489455037646823,4.243521192014062e-05,0.4925347222222222,219,train
678.9127170138889,,0.0,0.0,0.6493338755198887,0.5368922118866255,2.4570911778344047,0.00012707688632265974,1.10096658733156,0.4702151464091407,8.864663759595714e-05,1.356124594476488,3.843024921176645e-05,0.4887363215287526,220,train
677.7794582790799,,0.0,0.0,0.654238053730556,0.5468267164296574,2.431920083363851,0.00012581800619955176,1.0809887011845907,0.4837679598066542,8.869957503823875e-05,1.3509314007229276,3.7118430676249166e-05,0.4915351430575053,221,train
678.104157172309,,0.0,0.0,0.6549336882574217,0.5490493963871684,2.4406979666815865,0.00012867946594875926,1.0917167796028986,0.4817733883857727,8.838690628181212e-05,1.348981179131402,4.029256039454291e-05,0.490309343735377,222,train
677.7827718098958,,0.0,0.0,0.6540353679940814,0.5451084836607887,2.428732723659939,0.0001279171643545851,1.089331731531355,0.47657385534710356,8.760286582401022e-05,1.3394009722603692,4.031429962196853e-05,0.4909406569268968,223,train
675.9568603515625,,0.0,0.0,0.6550641861305666,0.5485746115209563,2.431691492928399,0.00013361021410673857,1.0901424765586853,0.47892282141579523,9.019833451020531e-05,1.3415490176942613,4.3411878868937494e-05,0.4994686444600423,224,train
674.9519788953993,,0.0,0.0,0.6539851371021498,0.5452544135470239,2.4567559242248533,0.0001348165300441906,1.102728005250295,0.46937558783425226,9.22483687948746e-05,1.3540279467900593,4.256816197691175e-05,0.48506944444444444,225,train
675.7010430230034,,0.0,0.0,0.656708712946801,0.5472681085032131,2.4467659261491566,0.0001332768391876016,1.1086785991986592,0.46997382640838625,9.501071326667443e-05,1.3380873282750447,3.826612567839523e-05,0.4987636778089735,226,train
675.2084906684028,,0.0,0.0,0.6620733110914154,0.553359388642841,2.4216119713253446,0.00013194357913259107,1.0847617745399476,0.48279788096745807,9.24894770529742e-05,1.3368502219518026,3.945410220088282e-05,0.48996212151315477,227,train
674.8165839301215,,0.0,0.0,0.6540098228546046,0.544735079948549,2.4106504122416177,0.00013269932630161446,1.084323321448432,0.4707427163918813,9.208287204576966e-05,1.326327093442281,4.0616455104706496e-05,0.4966224749883016,228,train
836.2830588600852,,0.4347125644554996,0.9652119678015461,0.4988463709687258,0.403306024608674,,,,,,,,,229,valid
674.9396185980903,,0.0,0.0,0.6562322587484406,0.5522912244711604,2.418299150466919,0.00013251467195611136,1.0701351152526009,0.5017631789048512,9.374262372148223e-05,1.34816402859158,3.877204829526211e-05,0.492676768038008,229,train
675.1805202907987,,0.0,0.0,0.6562585366387216,0.5518251528815618,2.4400904973347983,0.0001405215371050872,1.1010670158598157,0.47201152046521505,9.405439802018615e-05,1.3390234655804105,4.64671398124968e-05,0.49408670001559785,230,train
675.3794257269965,,0.0,0.0,0.6572786379191611,0.5476758038713819,2.438675954606798,0.000137930856726598,1.0881988286972046,0.4803426113393572,8.810634972178377e-05,1.3504771285586887,4.982450627721846e-05,0.4960279881954193,231,train
672.8934529622396,,0.0,0.0,0.6582181642452876,0.5507614800144756,2.422835954030355,0.0001313113716605585,1.0758405009905496,0.49278986586464774,8.615098461935607e-05,1.3469954676098295,4.5160386313606675e-05,0.4888678444756402,232,train
673.2940239800347,,0.0,0.0,0.6577212063802613,0.5432034837348121,2.4428235054016114,0.00013247550353601885,1.089685442712572,0.46984285712242124,8.536446815317807e-05,1.3531380706363254,4.7111035867904624e-05,0.484375,233,train
672.3650404188368,,0.0,0.0,0.6569109777136455,0.5533356657576939,2.4282487604353165,0.00013196612077687558,1.0842595895131428,0.4829545597235362,8.717693247793553e-05,1.3439891709221734,4.478918805640812e-05,0.49408670001559785,234,train
671.7349175347222,,0.0,0.0,0.651948634972648,0.5450257968571451,2.4367638481987846,0.0001263432211999316,1.0885158711009555,0.4921880523363749,8.905953121332763e-05,1.3482479784223769,3.72836904716678e-05,0.4912773569424947,235,train
671.4828789605035,,0.0,0.0,0.6568718787696627,0.5486389370191666,2.41580704053243,0.0001158269245934207,1.083955048190223,0.48416243857807584,8.395396289415658e-05,1.3318519963158502,3.1872961456732204e-05,0.4996317333645291,236,train
671.4881740993924,,0.0,0.0,0.6605185505180131,0.5452283815732079,2.4166590372721353,0.00011914829034746315,1.0763444754812452,0.4888842072751787,8.324300797539763e-05,1.3403145631154378,3.590528225079955e-05,0.49164562225341796,237,train
671.3442260742188,,0.0,0.0,0.6581716766433111,0.5546126917714165,2.4419046031104195,0.00011752345938778793,1.0863495548566182,0.49245246052742003,8.4060187752281e-05,1.3555550601747302,3.3463272666267584e-05,0.4933922555711534,238,train
840.118691184304,,0.43102243504546167,0.9607621270228756,0.4970857502965184,0.4078168785804278,,,,,,,,,239,valid
671.2456936306423,,0.0,0.0,0.6596209108356446,0.5512198903967463,2.4248436556922064,0.00011123707032917688,1.0767281227641636,0.48465923998090954,8.459311332747651e-05,1.3481155316034952,2.6643957244232298e-05,0.500510311126709,239,train
671.5379991319444,,0.0,0.0,0.662478284419529,0.5586267973932009,2.4483356634775797,0.00011426794202028153,1.0994718776808845,0.4648663534058465,8.753189176786691e-05,1.3488637924194335,2.6736050555579518e-05,0.4880313555399577,240,train
670.1971991644965,,0.0,0.0,0.6556077332960235,0.5562720384153109,2.4127072864108614,0.00012458746302096795,1.078467571735382,0.4837356997860803,9.308660204017845e-05,1.3342397027545505,3.1500860253193726e-05,0.49530197779337565,241,train
669.0246473524305,,0.0,0.0,0.654376139882065,0.5477184629629529,2.440014044443766,0.00012837564524185532,1.1011702550782099,0.4680276029639774,9.725195607946565e-05,1.3388437959882948,3.112368898049074e-05,0.497895622253418,242,train
669.902692328559,,0.0,0.0,0.6604667494221339,0.5548536672242104,2.4080426904890273,0.00011480957133850704,1.0707981639438204,0.4873897400167253,8.229774175561033e-05,1.3372445106506348,3.25118289765669e-05,0.49742739929093255,243,train
668.5469455295139,,0.0,0.0,0.6624719888208405,0.5535711508658198,2.4378781583574085,0.00011562718136701733,1.0952114436361524,0.46012753181987337,8.253593138457897e-05,1.3426667345894707,3.309125161952882e-05,0.4921664555867513,244,train
667.7058227539062,,0.0,0.0,0.6597898407824456,0.5527239012103232,2.41988181538052,0.00011325970651038612,1.0857260836495293,0.4785203735033671,8.262753302309041e-05,1.3341557264328003,3.063217379046061e-05,0.49967382152875267,245,train
667.4347832573785,,0.0,0.0,0.6658022605947086,0.5600975499266669,2.3952352735731335,0.00011956371915099832,1.0690627323256598,0.4989640090200636,8.320039293418328e-05,1.3261725505193074,3.636332621681504e-05,0.5020202014181349,246,train
667.2808295355903,,0.0,0.0,0.6629670102444907,0.5606323441106176,2.4240254243214925,0.00012489490157652957,1.080943833457099,0.4802279657787747,8.558938376760732e-05,1.343081612057156,3.930551598993285e-05,0.49270833333333336,247,train
667.6336127387153,,0.0,0.0,0.6605870497841683,0.552692950954513,2.4189382023281523,0.00012639552466377305,1.0724675933519998,0.48474536538124086,8.920825299962113e-05,1.3464706023534139,3.718727069402424e-05,0.4968329124980503,248,train
842.0781527432529,,0.42114260826073996,0.9530065853115645,0.49211554896908927,0.4139947986060923,,,,,,,,,249,valid
667.1764309353299,,0.0,0.0,0.6631358355283737,0.5539584232228143,2.409793657726712,0.00011760990237235092,1.0693073564105564,0.4878558271461063,8.632673367780323e-05,1.34048629866706,3.1283168391382786e-05,0.49270833333333336,249,train
666.8498440212674,,0.0,0.0,0.663838232415063,0.5602415060240125,2.4132831573486326,0.00011951962029949451,1.0722730702824064,0.494222797287835,8.803346475663906e-05,1.3410100910398695,3.148615536095652e-05,0.48846275276607937,250,train
666.2559529622396,,0.0,0.0,0.6624219380437382,0.5590491849988226,2.4167740821838377,0.00012209812994115054,1.077811352411906,0.4800086246596442,8.738462105005359e-05,1.338962729771932,3.471350864856504e-05,0.5005734430419074,251,train
667.1461249457466,,0.0,0.0,0.6587869215815787,0.5483282550932869,2.4097613864474825,0.00011834238636462638,1.0769919885529413,0.4842787934674157,8.622365130577237e-05,1.3327693859736125,3.2118734876955085e-05,0.4934974749883016,252,train
664.8012586805555,,0.0,0.0,0.6599280137391317,0.5455996236394323,2.4163202497694227,0.0001233242905679314,1.078568532731798,0.49306084314982096,8.895914240080553e-05,1.3377517170376247,3.43651481064929e-05,0.4988057659731971,253,train
664.8352593315972,,0.0,0.0,0.6623100482755238,0.5630240679969862,2.384403027428521,0.0001262044817849528,1.0676271769735548,0.4815275198883481,8.9539353211876e-05,1.3167758385340373,3.666513014953428e-05,0.49774305555555554,254,train
665.5828423394097,,0.0,0.0,0.6596855617704845,0.544446025008247,2.38562355571323,0.00013107477595137123,1.0672505577405293,0.48942367169592116,8.870265301084146e-05,1.3183729807535807,4.237212366812552e-05,0.49613320695029367,255,train
664.8278483072917,,0.0,0.0,0.6653869451117264,0.5649633344755601,2.4039787928263348,0.00012771750286143894,1.0805272897084555,0.49216826955477394,8.273766943602822e-05,1.3234515084160698,4.497983439553839e-05,0.5082807236247593,256,train
663.311836751302,,0.0,0.0,0.6630255594849587,0.5592019291860717,2.4107133282555475,0.00012214143159023177,1.082833050356971,0.48772792749934724,8.107033936539665e-05,1.3278802686267428,4.1071091618505304e-05,0.5016256312529246,257,train
664.9103949652778,,0.0,0.0,0.6618736073847802,0.5511999457128465,2.417731682459513,0.00012356335549460102,1.0746475987964206,0.48024728231959873,7.891012719483115e-05,1.3430840757158067,4.4653227935972005e-05,0.49096170001559786,258,train
845.8236361416904,,0.4271616550835073,0.9686017408337051,0.4933474681207111,0.4126644514791378,,,,,,,,,259,valid
663.6193739149305,,0.0,0.0,0.6595483040998853,0.5537294502532671,2.394753122329712,0.00011516744489199482,1.064274635579851,0.49932704700364006,7.921115199375588e-05,1.3304784562852647,3.595629253444107e-05,0.5013152360916138,259,train
662.6385565863716,,0.0,0.0,0.6638422258079998,0.5556301752726237,2.396048789554172,0.00011740397458197549,1.0616905583275689,0.4930792874760098,7.595443312311546e-05,1.3343582550684612,4.14495403674664e-05,0.5000736534595489,260,train
662.0209635416667,,0.0,0.0,0.6651113921214663,0.5574404261178441,2.387255054050022,0.00011785283907859897,1.0620395607418485,0.49310917721854314,8.085730587481521e-05,1.325215490659078,3.69955336888476e-05,0.5012047555711534,261,train
663.1943996853298,,0.0,0.0,0.6586119562387466,0.552119740962036,2.4166100554996066,0.00011253335178480483,1.0753273010253905,0.4857650922404395,7.821397011866792e-05,1.3412827677196926,3.4319381726769885e-05,0.4928714222378201,262,train
662.2863783094618,,0.0,0.0,0.6667423924046849,0.5580263528558943,2.40906040403578,0.00011421042509027757,1.0705158551534018,0.48614409632152983,8.102103965939023e-05,1.3385445594787597,3.318938549152032e-05,0.5022674666510688,263,train
662.7691297743056,,0.0,0.0,0.6679264750745562,0.5613436173825037,2.394745530022515,0.00011651967336850551,1.066930611928304,0.49214576151635914,8.268327122398963e-05,1.3278149154451158,3.383640178071801e-05,0.4982638888888889,264,train
661.6710611979166,,0.0,0.0,0.665352409534038,0.5662641595753413,2.422061305575901,0.00011040229219361208,1.0745677577124702,0.49193562136756047,7.914412635727786e-05,1.3474935611089072,3.125816620013211e-05,0.4871948652797275,265,train
661.6356703016493,,0.0,0.0,0.6634375870700866,0.5622963765310862,2.3947962601979573,0.00011252926051383839,1.056110668182373,0.49249026775360105,7.753069027482222e-05,1.338685589366489,3.4998570663447025e-05,0.4897885104020437,266,train
661.2644775390625,,0.0,0.0,0.66810185566308,0.5673064616937487,2.385395378536648,0.0001068281560340741,1.0530445138613382,0.49927889241112605,7.13124665101835e-05,1.3323508633507624,3.5515688856927834e-05,0.49945812225341796,267,train
661.4329698350695,,0.0,0.0,0.663454343827944,0.5579221389359899,2.3840767913394503,0.00010751912486739457,1.0542284581396315,0.49899243712425234,7.407235498249065e-05,1.329848337173462,3.3446769642371994e-05,0.4944234000311957,268,train
848.5448109019886,,0.4300400383044314,0.9613606241437094,0.4956087984822013,0.4054090769647003,,,,,,,,,269,valid
660.7600002712674,,0.0,0.0,0.6641844109410332,0.5540551996893353,2.3866350173950197,0.00010128886545620237,1.0542864812744988,0.500050280491511,6.966061967735489e-05,1.3323485241995918,3.162824608201239e-05,0.503514309724172,269,train
659.7910685221354,,0.0,0.0,0.6657797096267579,0.5581747498067599,2.412470383114285,0.00010340220687794499,1.0700545522901748,0.49608573913574217,7.224376652933036e-05,1.342415820227729,3.1158439257220985e-05,0.4855376680692037,270,train
659.1806165907118,,0.0,0.0,0.6631354757244624,0.5496455763304043,2.3870206779903835,0.00011136492709435212,1.0544082204500833,0.5000161091486613,7.749270662316121e-05,1.3326124456193713,3.387222010739303e-05,0.49724326597319707,271,train
659.0736843532986,,0.0,0.0,0.666065819324955,0.5550345688348725,2.3859079943762884,0.00010494411908439361,1.0501549071735805,0.4972432189517551,7.556570829668393e-05,1.3357531123691135,2.9378410727076697e-05,0.49430239929093256,272,train
658.6097290039063,,0.0,0.0,0.6663881776351777,0.5661158201476885,2.392004542880588,0.00010338268257328309,1.0691732552316453,0.48800932566324867,7.213474746095016e-05,1.3228312545352512,3.1247934748535046e-05,0.5018886778089735,273,train
657.5331271701389,,0.0,0.0,0.6642763636651494,0.555209401675633,2.39668321079678,9.92544912151061e-05,1.0625172747506035,0.4912402477529314,6.713487431018924e-05,1.3341659201516045,3.21196173899807e-05,0.49023569027582803,274,train
657.849622938368,,0.0,0.0,0.6651193617118729,0.5591330982389904,2.3992042594485814,0.00010807797637729285,1.071283303366767,0.4932564847999149,7.140294195172222e-05,1.3279209428363377,3.667503394050679e-05,0.4979482326242659,275,train
659.6245157877604,,0.0,0.0,0.668669319933369,0.5677602609235143,2.388210344314575,0.00011055875729653053,1.0538593212763467,0.4939968897236718,7.672288144628207e-05,1.3343510468800863,3.383587578961548e-05,0.49431292083528305,276,train
658.7023803710938,,0.0,0.0,0.6651517108319298,0.556903202642524,2.3950351185268826,0.00010243866345263086,1.0646796027819316,0.4933294355869293,6.954224190849345e-05,1.3303555250167847,3.289642154413741e-05,0.5006418347358703,277,train
658.1206285264757,,0.0,0.0,0.6656188868025623,0.5614458035303171,2.3736861440870496,9.233827659045346e-05,1.052433963616689,0.4946340368853675,6.758279523637612e-05,1.3212521817949083,2.4755481475343308e-05,0.5060448235935635,278,train
851.4844859730114,,0.42147308704454045,0.9531659863260231,0.48088395121422683,0.3935257054188035,,,,,,,,,279,valid
657.5366861979167,,0.0,0.0,0.6706090453834761,0.5620611617725993,2.3821203390757244,9.034488199783179e-05,1.0566593302620781,0.49774899615181817,6.504155814279026e-05,1.3254610141118368,2.5303323551876624e-05,0.4946075333489312,279,train
656.530901421441,,0.0,0.0,0.6689577675370313,0.5690636275858476,2.381213659710354,9.217452485851632e-05,1.0525676409403484,0.49629588855637446,6.534727059867388e-05,1.328646018770006,2.6827254320475428e-05,0.506739268038008,280,train
656.0519558376736,,0.0,0.0,0.6688143767061687,0.5562379425007199,2.389487854639689,9.352493628587885e-05,1.0661086188422308,0.4901557121011946,6.811495816994769e-05,1.3233792649375067,2.5409977994665192e-05,0.5013362791803148,281,train
656.0012234157986,,0.0,0.0,0.669034475703088,0.5563157217843191,2.3807008160485164,8.805371398921125e-05,1.0555238366127013,0.5093057738410102,6.303943167343581e-05,1.3251769807603624,2.5014282740206303e-05,0.5018781569268969,282,train
656.0902180989583,,0.0,0.0,0.6702573778610381,0.5622803200568472,2.392172940572103,9.112344754006093e-05,1.0641515082783168,0.4968310362762875,6.297677500697319e-05,1.3280214018291898,2.814667210865688e-05,0.49625420901510453,283,train
655.417431640625,,0.0,0.0,0.6697006998554109,0.5609458893064468,2.3731305705176458,8.93619522685185e-05,1.0484745144844054,0.5045666959550645,6.0545943658022834e-05,1.3246560547086927,2.8816009338091437e-05,0.5022674666510688,284,train
654.9188747829861,,0.0,0.0,0.6687732450782307,0.553773302454797,2.3638859113057453,9.088992931841252e-05,1.049667767683665,0.49777024653222823,6.621154983198115e-05,1.3142181555430095,2.4678379607697327e-05,0.5171769777933757,285,train
655.422502983941,,0.0,0.0,0.6704662504650297,0.5654275617665715,2.3611644003126355,9.047416945880589e-05,1.0491981320910984,0.49876312414805096,6.413573707201674e-05,1.3119662523269653,2.633843214425724e-05,0.5054135104020436,286,train
654.108997938368,,0.0,0.0,0.6677480075804014,0.561317328470094,2.375395515229967,8.515256098083531e-05,1.0598811414506701,0.5089766542116801,6.169943614319588e-05,1.3155143896738688,2.3453125019538373e-05,0.5024936868084802,287,train
654.2097262912326,,0.0,0.0,0.6719083949686989,0.5651488937082745,2.398847993214925,9.363221591532541e-05,1.0744536929660373,0.4898453414440155,6.698084944218863e-05,1.3243943055470784,2.6651365563642077e-05,0.5024305555555556,288,train
853.9766901189631,,0.43742548967594286,0.9596879945712906,0.48536176650555096,0.39361752530971134,,,,,,,,,289,valid
653.4365966796875,,0.0,0.0,0.6715758725054681,0.5662734778864044,2.375020424524943,9.622613943065517e-05,1.0552876591682434,0.5021992325782776,6.497924005088862e-05,1.3197327454884846,3.124689962229847e-05,0.49572285347514683,289,train
653.6084594726562,,0.0,0.0,0.6733536504800358,0.5649381582226072,2.363600179884169,8.874464304729676e-05,1.0401925616794163,0.5069816145632002,6.339229415364874e-05,1.3234076235029433,2.5352349257445895e-05,0.5000315659575992,290,train
653.5682101779514,,0.0,0.0,0.6738104524593503,0.5636855689306108,2.358121479882134,8.527894897270016e-05,1.035112084282769,0.5017383151584202,6.112501408400325e-05,1.3230093823538887,2.4153935070595858e-05,0.4945759680536058,291,train
653.0141493055555,,0.0,0.0,0.6688920434268695,0.5615788693229358,2.37256129582723,8.872698575335865e-05,1.0541604929500157,0.5077778372499678,6.332059322933977e-05,1.318400796254476,2.5406392342119944e-05,0.502072811126709,292,train
653.0034505208333,,0.0,0.0,0.6731054591281074,0.5675307269370745,2.368007124794854,8.4391369940325e-05,1.0508929159906175,0.4947742680708567,6.134031391411555e-05,1.3171142207251654,2.3051055056081774e-05,0.5069760104020437,293,train
653.4314453125,,0.0,0.0,0.6715371237387733,0.5665564209222793,2.35388068623013,8.822694774911118e-05,1.0351927836736043,0.5085494246747758,5.970915420524155e-05,1.3186879052056206,2.851779372576857e-05,0.5027882999844021,294,train
653.9179796006945,,0.0,0.0,0.6714301514247106,0.5665673975670149,2.3668243726094564,8.722860729903914e-05,1.0484658572408887,0.5007170908980899,5.491020820045378e-05,1.31835851404402,3.231839873478748e-05,0.4969065659575992,295,train
652.9071912977431,,0.0,0.0,0.6676565673616197,0.5609965959475154,2.3820181369781492,9.055269329110161e-05,1.052133191956414,0.4937870926327176,5.629378744439843e-05,1.3298849450217354,3.425890493720848e-05,0.4970801770687103,296,train
652.1943047417535,,0.0,0.0,0.6685179912854754,0.5633055945000951,2.3758781380123564,8.867813036583054e-05,1.0537002192603218,0.4933907131354014,5.6218702714735023e-05,1.3221779081556533,3.2459428014893393e-05,0.49777462151315477,297,train
650.9984849717882,,0.0,0.0,0.6734346172087406,0.5692290011379453,2.3669497542911104,8.940099069150164e-05,1.0441078755590651,0.5095878647433387,5.5459202000444446e-05,1.3228418853547839,3.394178802409442e-05,0.5009101430575053,298,train
858.3700006658381,,0.43674124473664055,0.9578518168010967,0.4875323824681245,0.39338277038428693,,,,,,,,,299,valid
652.4052422417535,,0.0,0.0,0.6689584623963113,0.5606960559175128,2.3667688422732884,8.123322137786697e-05,1.0420148544841343,0.5125682969888051,4.838885191323546e-05,1.3247539785173204,3.284436910083362e-05,0.492066498597463,299,train
651.3322279188368,,0.0,0.0,0.6730530840063853,0.5708377058780383,2.367479615741306,7.646483791177162e-05,1.0496840609444513,0.4933726218011644,4.8751852470256075e-05,1.3177955468495688,2.7712985865946393e-05,0.5002156986130608,300,train
650.2364000108507,,0.0,0.0,0.6692001396228396,0.5605827860888981,2.357541953192817,8.219584754745787e-05,1.0408711115519205,0.5101017965210809,5.3778923271844786e-05,1.3166708654827541,2.841692427561308e-05,0.5003787881798214,301,train
650.2687310112847,,0.0,0.0,0.6731324637456546,0.5718297721374602,2.3519745773739285,7.77439755135371e-05,1.0311074958907234,0.5106410867638058,5.4517824901267885e-05,1.320867082807753,2.322615152176392e-05,0.4981428874863519,302,train
649.3629123263889,,0.0,0.0,0.6796841627785137,0.5766805492459781,2.360074345270793,7.671412410369764e-05,1.0444687816831801,0.5047702464792464,5.650727459093711e-05,1.3156055609385173,2.0206849634026487e-05,0.5051872889200847,303,train
648.9863986545139,,0.0,0.0,0.6797842969418202,0.5709835107758562,2.3784420596228704,7.135328657265442e-05,1.0580808732244704,0.5144139879279667,5.391070226323791e-05,1.320361187722948,1.744258379403618e-05,0.5002051770687104,304,train
650.3774251302083,,0.0,0.0,0.6745795433483427,0.5616764263501243,2.373793676164415,6.77319312671898e-05,1.0523426360554164,0.49876152012083264,4.838354931659221e-05,1.3214510493808322,1.934838201123057e-05,0.49930555555555556,305,train
649.0644870334202,,0.0,0.0,0.6752745810482237,0.5629779607530624,2.3519027445051406,6.893424676187957e-05,1.041468369960785,0.511479025416904,4.613676586207778e-05,1.3104343679216173,2.2797480960434767e-05,0.5046559347046746,306,train
650.3074001736111,,0.0,0.0,0.6767176198344381,0.5689213364606811,2.3743978341420493,6.860230569145642e-05,1.0418974293602838,0.49453159703148736,4.87991086023006e-05,1.3325004127290514,1.9803197695485626e-05,0.49219802220662434,307,train
649.5118286132813,,0.0,0.0,0.6746572444126719,0.5705993012303398,2.3709529664781357,7.292130151957584e-05,1.0389483504825168,0.5161289148860507,5.174456515912122e-05,1.3320046212938097,2.117673648172058e-05,0.5007786194483439,308,train
859.5571732954545,,0.4413370123236346,0.9679498389260438,0.4829403610972615,0.4016714691148176,,,,,,,,,309,valid
649.0703152126736,,0.0,0.0,0.6735419710477193,0.5626549585471078,2.3340471108754475,7.056518928341879e-05,1.0266475319862365,0.5080475244257185,5.1013574314614137e-05,1.307399574915568,1.9551614726272723e-05,0.5019202444288465,309,train
648.2297688802083,,0.0,0.0,0.67599357385484,0.5741804529513631,2.3412543296813966,7.440735886727149e-05,1.025738094912635,0.5123165130615235,5.2380824733215074e-05,1.3155162413914998,2.2026533952157478e-05,0.5055555555555555,310,train
648.0767971462674,,0.0,0.0,0.6742996192167676,0.5681146302393505,2.3389537493387857,8.198214854928664e-05,1.0299267848332723,0.5108598914411333,5.582448684435803e-05,1.3090269565582275,2.6157661219864774e-05,0.5065972222222223,311,train
647.7431654188368,,0.0,0.0,0.6759889711936314,0.5666601556161093,2.340076700846354,7.857072244708737e-05,1.0311834202872383,0.5053684744569991,5.299322401697282e-05,1.3088933176464506,2.557749812694965e-05,0.5111637208196852,312,train
648.4737114800347,,0.0,0.0,0.674934601097826,0.5720310920997271,2.3581123881869845,7.421432092087343e-05,1.0387088431252374,0.5115793214903938,5.262482227408327e-05,1.3194035450617472,2.158949767666248e-05,0.5010521888732911,313,train
647.8355590820313,,0.0,0.0,0.6756385763801595,0.572508655709249,2.3375461949242484,6.852502774563618e-05,1.0306232174237568,0.5106120063198938,4.8277155413719205e-05,1.3069229735268486,2.0247872089385056e-05,0.5052398992909326,314,train
648.3110799153645,,0.0,0.0,0.6726473978824086,0.564790271057023,2.361217827267117,7.026809665452068e-05,1.0333711081080967,0.5182653731769986,4.60722811112646e-05,1.3278466833962335,2.419581493692628e-05,0.4973011361228095,315,train
647.3525865342882,,0.0,0.0,0.6724140929324286,0.5582938671585114,2.3582889927758113,7.043731384328566e-05,1.0525751074155172,0.500342208147049,4.4403484086312046e-05,1.3057138919830322,2.6033829938872563e-05,0.5069128791491191,316,train
645.7220458984375,,0.0,0.0,0.6764632209189355,0.5790647694042751,2.3521332528856065,7.16362970706541e-05,1.0436052295896743,0.5044035169813368,4.354295730687833e-05,1.3085280312432184,2.809333982440876e-05,0.5045244110955133,317,train
646.0868489583333,,0.0,0.0,0.6776508138056785,0.5770774603363068,2.3476281854841443,6.892328674439341e-05,1.0308478540844388,0.512478721804089,4.39174561809826e-05,1.316780334048801,2.5005830381511865e-05,0.5042297979195912,318,train
862.8690795898438,,0.42745959853636567,0.9562282214795264,0.4877458868862746,0.3924064620748743,,,,,,,,,319,valid
646.0752482096354,,0.0,0.0,0.6729623018749177,0.5617112901948746,2.3356092982821997,7.231084139978824e-05,1.0261875205569797,0.51563201546669,4.552115109011841e-05,1.3094217803743151,2.6789690188403863e-05,0.5090382999844021,319,train
646.9038926866319,,0.0,0.0,0.6752180683470907,0.5675752326846123,2.336843024359809,6.980581771737585e-05,1.027828578154246,0.514630005757014,4.7344928195040366e-05,1.3090144342846342,2.246088964360145e-05,0.5094854791959127,320,train
644.9502943250868,,0.0,0.0,0.6734881752067142,0.5675295958443293,2.34738974571228,6.671761014634589e-05,1.026777203877767,0.5150215665499369,4.560925566086856e-05,1.3206125365363226,2.11083542429454e-05,0.5006418347358703,321,train
647.5415635850694,,0.0,0.0,0.6806518085182659,0.5751801342008606,2.33344923125373,7.039342381176539e-05,1.0233568337228562,0.5209436727894677,4.61302498782364e-05,1.3100923856099447,2.4263173933528985e-05,0.503635311126709,322,train
645.9428534613716,,0.0,0.0,0.6748435181994287,0.5576897368544623,2.351304790708754,7.397166652178082e-05,1.042737086613973,0.5061727318498823,4.7258583314639206e-05,1.3085677040947807,2.6713083813471408e-05,0.5027199076281653,323,train
646.1962551540798,,0.0,0.0,0.6780126282856578,0.5697445786898098,2.323452870051066,6.783727440051734e-05,1.0163347376717462,0.5078277051448822,4.5755160681437704e-05,1.3071181111865573,2.2082113112749842e-05,0.5057502104176416,324,train
646.1474365234375,,0.0,0.0,0.6749333726981329,0.5658076011472278,2.3350167168511287,6.443618246218344e-05,1.021704273753696,0.5270876473850674,4.5111601624133374e-05,1.313312464290195,1.932458083805007e-05,0.5042087541686164,325,train
645.8077473958333,,0.0,0.0,0.6742153169853347,0.5548888656591612,2.335788196987576,6.384834571993754e-05,1.031450757715437,0.5145260049237146,4.4911023724125695e-05,1.304337445894877,1.8937321753279925e-05,0.5035037881798214,326,train
644.9493476019966,,0.0,0.0,0.6708711090542021,0.5610536619547813,2.320425632264879,6.829498294488681e-05,1.0158713658650715,0.5215265227688684,4.768253020301927e-05,1.3045542849434746,2.061245231743669e-05,0.5166035347514683,327,train
644.8396742078993,,0.0,0.0,0.6709811296491396,0.5626099300526437,2.330651224984063,6.833423188557693e-05,1.0253931681315105,0.5097021831406487,4.599290477926843e-05,1.305258067448934,2.2341327288207442e-05,0.5029198235935635,328,train
864.9883866743608,,0.43086906331957003,0.9637390186728844,0.4809038810335196,0.3889428388762784,,,,,,,,,329,valid
643.9498440212674,,0.0,0.0,0.6754329153233104,0.5677129006811551,2.3306596173180476,7.143469071403766e-05,1.027354488107893,0.5124818709161546,4.5228922560151355e-05,1.3033051384819878,2.6205767911354392e-05,0.5089856902758281,329,train
644.5065334743923,,0.0,0.0,0.6747872371522208,0.5678991058989176,2.336847999360826,7.122671231627465e-05,1.0226145744323731,0.5130633665455713,4.206556695862673e-05,1.3142334408230252,2.9161145660812812e-05,0.5058712124824524,330,train
645.7257432725694,,0.0,0.0,0.6698789548069712,0.5676900305681758,2.3375907368130155,6.920971597234408e-05,1.0323586093054877,0.5152346233526865,4.1389844166891025e-05,1.3052321195602417,2.7819872229883913e-05,0.511989688873291,331,train
644.9186414930556,,0.0,0.0,0.675919391120237,0.5634844316376579,2.322764121161567,6.996960922454795e-05,1.0175692598025003,0.5216134707132976,4.355496045415445e-05,1.305194878578186,2.6414649073558395e-05,0.5039930555555555,332,train
643.0658311631944,,0.0,0.0,0.6766535187524464,0.5696971643538703,2.3245349089304606,7.128746607728923e-05,1.0222213784853618,0.5196384972996182,4.438095844913429e-05,1.3023135264714558,2.690650768878792e-05,0.5106007999844021,333,train
643.0061428493924,,0.0,0.0,0.6736348022071141,0.5689794038496321,2.3309791405995686,7.020832830069897e-05,1.0252664632267423,0.513361836804284,4.25779543244668e-05,1.30571268664466,2.7630373733700252e-05,0.5093434347046746,334,train
641.5331271701389,,0.0,0.0,0.6759964260790083,0.5682887238879052,2.330871942308214,7.220856132335029e-05,1.015854585170746,0.5227408170700073,4.0421993859733144e-05,1.3150173425674438,3.178656764551609e-05,0.504882154862086,335,train
643.0091389973958,,0.0,0.0,0.6787022048282245,0.5738120985882623,2.3207519796159533,7.338055317328933e-05,1.0155654390652975,0.5137707961930169,4.161949727858883e-05,1.3051865445242987,3.176105668292924e-05,0.5029934763908386,336,train
642.9540052625869,,0.0,0.0,0.6781845154743346,0.569194873930916,2.329081673092312,6.772880551579874e-05,1.0263989236619737,0.5213387442959679,4.1503589091007595e-05,1.302682752079434,2.6225216546057104e-05,0.5107533666822646,337,train
642.1434339735243,,0.0,0.0,0.6784774106882867,0.5771576102763887,2.3528620031144882,6.593893025031624e-05,1.0338423755433825,0.5043671137756771,4.0211379746324384e-05,1.3190196143256294,2.5727551049688677e-05,0.5040456652641296,338,train
868.090498490767,,0.4279237883260636,0.9556563118012202,0.4787337904820195,0.390043548078506,,,,,,,,,339,valid
642.3251234266493,,0.0,0.0,0.681868772516175,0.5781784994261605,2.3476095888349744,7.193308265414089e-05,1.0375943064689637,0.49759400222036576,4.348064794612583e-05,1.3100152704450818,2.8452435374977845e-05,0.5097432659731971,339,train
641.8149780273437,,0.0,0.0,0.680023465277972,0.5689861529718632,2.3703228261735703,6.818411408554918e-05,1.0495079477628073,0.5018326706356473,4.070755736999369e-05,1.3208148956298829,2.747655707935337e-05,0.49743792083528304,340,train
642.2381564670139,,0.0,0.0,0.6783583243372578,0.5664012116729897,2.3428013536665175,6.118352381842365e-05,1.0313632395532397,0.5080257018407186,3.838537025634044e-05,1.3114381180869208,2.2798154289678982e-05,0.5048190236091614,341,train
642.1540920681424,,0.0,0.0,0.6801991305180958,0.5727124909559885,2.3379508548312717,5.890813978718749e-05,1.0319618701934814,0.512808100382487,3.640826810927441e-05,1.3059889793395996,2.2499871859812023e-05,0.5004787458313836,342,train
641.3180121527778,,0.0,0.0,0.6785142541404754,0.5695614119370779,2.3091518614027233,5.9599895636589886e-05,1.0178047921922473,0.5173209263218774,3.9793412967507416e-05,1.2913470480177138,1.980648260844949e-05,0.5010627104176415,343,train
641.4233452690972,,0.0,0.0,0.6758755558303423,0.5749963729627549,2.3310580836402046,6.209959926006074e-05,1.0285601960288153,0.5200848744975196,3.8994769420241936e-05,1.3024978955586752,2.310482965791986e-05,0.5015940659575993,344,train
640.035902235243,,0.0,0.0,0.6828754801598806,0.5777174631281504,2.3230251418219674,6.831254480251421e-05,1.0290643797980414,0.5173967666096158,3.9881548218545504e-05,1.2939607540766398,2.843099591700593e-05,0.5072232743104299,345,train
641.9852064344618,,0.0,0.0,0.6846653766338787,0.5784244021016454,2.3264011806911893,6.442069340361438e-05,1.0213304890526667,0.5288099514113532,3.773833868763177e-05,1.305070702234904,2.6682354594716647e-05,0.5144097222222223,346,train
641.9687852647569,,0.0,0.0,0.6795030737916629,0.5698237561044239,2.292734628253513,6.473799439845606e-05,1.0001949681176079,0.531372332572937,3.914315348083619e-05,1.2925396468904284,2.5594840432556037e-05,0.5099063555399577,347,train
640.338001844618,,0.0,0.0,0.6769075968672359,0.577079093408963,2.3111043029361302,5.996486543153878e-05,1.008324318461948,0.5216471784644656,3.695810240363547e-05,1.3027799738778008,2.3006762724738412e-05,0.5061079548464881,348,train
870.9582353071733,,0.440783984171576,0.9808611711276228,0.4880729421199143,0.40417206751835805,,,,,,,,,349,valid
640.3311360677084,,0.0,0.0,0.6804271670560987,0.5712161082833532,2.3210040781233046,6.18648646195652e-05,1.0280776686138577,0.5113653798898061,3.900069271670266e-05,1.2929264201058281,2.2864172024128493e-05,0.5127946125136481,349,train
640.4869032118056,,0.0,0.0,0.6827245892513366,0.5829020167863559,2.314092085096571,6.251484034388946e-05,1.0096569220225016,0.5265169945028093,4.3252093140229895e-05,1.3044351975123087,1.926274777967289e-05,0.5047190659575992,350,train
640.3342203776042,,0.0,0.0,0.6820002764226898,0.5794494986297593,2.312884357240465,6.298226981016342e-05,1.0190549307399326,0.5127683632903629,4.1935883443026495e-05,1.2938294251759848,2.1046386367136925e-05,0.5088226013713413,351,train
640.2032348632813,,0.0,0.0,0.6787500086048293,0.5712758199326575,2.3171128908793133,6.435068268425917e-05,1.0111165722211202,0.5311284197701348,3.8866954067392116e-05,1.3059963173336453,2.5483727889271297e-05,0.5109585437509748,352,train
639.5805596245659,,0.0,0.0,0.6804546035944469,0.5690498842369942,2.308746968375312,5.9412138701494165e-05,1.0205935173564487,0.5204086005687714,3.4682660710435206e-05,1.2881534099578857,2.4729478112324918e-05,0.5121948652797275,353,train
639.912584092882,,0.0,0.0,0.6764308591447179,0.5688980597588751,2.305371077855428,5.7571748523817705e-05,1.01142332288954,0.5218451625770992,3.624257515184581e-05,1.293947739071316,2.1329173068806995e-05,0.5076283666822645,354,train
639.9176296657986,,0.0,0.0,0.67643871342852,0.570084528459443,2.318465905719333,6.364403852785472e-05,1.0138232959641351,0.5201841751734416,3.987769002075462e-05,1.3046426031324598,2.3766348446467114e-05,0.49796927637524074,355,train
638.7508924696181,,0.0,0.0,0.6760805386635993,0.5640945003382744,2.322121116850111,6.713124736658452e-05,1.0178868744108411,0.5166752762264676,3.9015297807054596e-05,1.304234258333842,2.8115949680795894e-05,0.501951809724172,356,train
638.3190334743923,,0.0,0.0,0.678197420755076,0.5801585306723912,2.3147866302066378,6.738358788425103e-05,1.0242501881387498,0.5230009873708089,4.1373041191642794e-05,1.2905364248487685,2.6010546571342273e-05,0.5093855222066244,357,train
638.3777330186632,,0.0,0.0,0.6804107412932411,0.569857283788068,2.3136371718512643,6.6968106815087e-05,1.0223060303264193,0.5242930564615461,4.05143264894529e-05,1.2913311269548204,2.6453780568166014e-05,0.5154303444756402,358,train
874.1101518110795,,0.43255558055010623,0.9513443311619344,0.47074519301002676,0.3688079545443708,,,,,,,,,359,valid
638.0221137152778,,0.0,0.0,0.6828817600532183,0.5823103739865244,2.3053854942321776,6.641656461094195e-05,1.0045572837193808,0.5354643881320953,3.999228635317801e-05,1.3008281972673204,2.6424276984471363e-05,0.5008785777621799,359,train
