recon_loss,KL,disnt_basal,disnt_after,r2_mean,r2_var,adv_loss,penalty_adv,adv_perts,acc_perts,penalty_perts,epoch,mode
3096.310576386504,,0.0,0.0,0.12488438441203191,0.17753730344248345,1.5002224170244658,0.08814311241731047,1.5002224170244658,0.33025441212313517,0.08814311241731047,0,train
2352.860783503606,,0.0,0.0,0.48673607831472876,0.1789444814671527,1.2513807095014131,0.02084003317480286,1.2513807095014131,0.5125159788262713,0.02084003317480286,1,train
2206.2955577137704,,0.0,0.0,0.604023892407889,0.09405596216956337,1.1296851982127178,0.014585990319028496,1.1296851982127178,0.5638125332502218,0.014585990319028496,2,train
2160.610091324691,,0.0,0.0,0.6771846010134771,0.10168258305434343,1.0276275820784517,0.011417719147478541,1.0276275820784517,0.6099012530112005,0.011417719147478541,3,train
2141.1852356627746,,0.0,0.0,0.724972848708813,0.10920894945060815,0.9636540917249826,0.008724297156247,0.9636540917249826,0.6356515432452108,0.008724297156247,4,train
2130.0960827502577,,0.0,0.0,0.7532047312338275,0.1484117295715835,0.9204243827652145,0.0067884060166155296,0.9204243827652145,0.6517864105465648,0.0067884060166155296,5,train
2122.5945508349073,,0.0,0.0,0.7740374500934893,0.17938259695912454,0.8982287167192815,0.005543545354157686,0.8982287167192815,0.666000294816363,0.005543545354157686,6,train
2117.506601186899,,0.0,0.0,0.7896645390070401,0.2317046200836098,0.88048396726231,0.0047314716464219,0.88048396726231,0.6755886641177502,0.0047314716464219,7,train
2112.5633665650757,,0.0,0.0,0.8063142160792927,0.251953271326128,0.8616036288030855,0.004040008003357798,0.8616036288030855,0.682105187531356,0.004040008003357798,8,train
2104.5397186279297,,0.4001439168204155,0.401147640508788,0.807433533668518,0.28416510125001276,,,,,,9,valid
2110.1940113109545,,0.0,0.0,0.8197653980045526,0.27059002485904066,0.8487947308100187,0.003427004371769726,0.8487947308100187,0.6833732580090617,0.003427004371769726,9,train
2107.01851444454,,0.0,0.0,0.8316741832010038,0.2886031981352921,0.8337617844015688,0.002952634065877646,0.8337617844015688,0.6982906683460697,0.002952634065877646,10,train
2102.1117010430976,,0.0,0.0,0.8428093408490276,0.2971218398639134,0.8252230718895629,0.0026481655212895324,0.8252230718895629,0.6964830251840445,0.0026481655212895324,11,train
2100.118897825807,,0.0,0.0,0.8492177722218274,0.3087280847214081,0.8164956471422217,0.0022762346314266326,0.8164956471422217,0.6932708889573485,0.0022762346314266326,12,train
2096.1671397450204,,0.0,0.0,0.8574535893869926,0.30997723995984255,0.8076316655337156,0.0020557100030904013,0.8076316655337156,0.7038093137217092,0.0020557100030904013,13,train
2094.140111231542,,0.0,0.0,0.8627566585173974,0.3107056041340251,0.8003163226358183,0.0018197414892104765,0.8003163226358183,0.7019432684877417,0.0018197414892104765,14,train
2091.137732872596,,0.0,0.0,0.8667229019678556,0.32013988298374224,0.7999365480391534,0.001572666687813277,0.7999365480391534,0.7030129124830057,0.001572666687813277,15,train
2087.8964173033996,,0.0,0.0,0.8729765696839972,0.32483629368163736,0.7934932237143045,0.0013951963259993742,0.7934932237143045,0.7046397308726887,0.0013951963259993742,16,train
2085.630576332847,,0.0,0.0,0.8747564436315178,0.3265163686249282,0.7845617257631742,0.0012298256255841504,0.7845617257631742,0.710761940741277,0.0012298256255841504,17,train
2083.6102040049796,,0.0,0.0,0.8773052119946742,0.3332408616831014,0.7818445419217204,0.0011276720508855457,0.7818445419217204,0.7065717230786334,0.0011276720508855457,18,train
2077.417958577474,,0.42553561320739924,0.42682519970403093,0.8709965010484061,0.32405634472767514,,,,,,19,valid
2080.66841008113,,0.0,0.0,0.8799010620012389,0.33794049731977693,0.7899358541100889,0.0010247981204884126,0.7899358541100889,0.7028135152963492,0.0010247981204884126,19,train
2078.5348463792066,,0.0,0.0,0.8816928305468716,0.3369637537788559,0.7814704854409773,0.0008886559216383223,0.7814704854409773,0.7129475769105849,0.0008886559216383223,20,train
2076.303969833877,,0.0,0.0,0.8824990176892541,0.3390179082587525,0.7809918156036963,0.0007964076066855341,0.7809918156036963,0.7090902714938908,0.0007964076066855341,21,train
2074.224838759873,,0.0,0.0,0.8845939439731639,0.3409230803395366,0.7756462306766719,0.0007479740510461852,0.7756462306766719,0.7139844855109414,0.0007479740510461852,22,train
2072.0018511761677,,0.0,0.0,0.8854028252454905,0.34591646626755435,0.7705709613286532,0.0006778954528272152,0.7705709613286532,0.7108158501949939,0.0006778954528272152,23,train
2070.237610533997,,0.0,0.0,0.8870120501780249,0.34898546213632103,0.7697374296712352,0.0006298830383457243,0.7697374296712352,0.7141794437890524,0.0006298830383457243,24,train
2067.5489837311125,,0.0,0.0,0.8864377709535451,0.3527647924947215,0.7634621138101095,0.0005728790885768831,0.7634621138101095,0.7208101002724616,0.0005728790885768831,25,train
2065.3431248926854,,0.0,0.0,0.888471861724015,0.35352474673763734,0.7527302988282927,0.0005053302932841083,0.7527302988282927,0.7197779017490346,0.0005053302932841083,26,train
2063.3123323209993,,0.0,0.0,0.8878593418624375,0.358504451762189,0.7458722512800615,0.0004690392617097435,0.7458722512800615,0.7261154841590713,0.0004690392617097435,27,train
2062.1475427648525,,0.0,0.0,0.8896295700754439,0.36113309768530033,0.741864976647136,0.0004617801634594798,0.741864976647136,0.730110587654533,0.0004617801634594798,28,train
2057.3413441975913,,0.4285069237341717,0.43053738803947317,0.8795244519909223,0.34005988488594685,,,,,,29,valid
2059.8306428678743,,0.0,0.0,0.8886494001189431,0.3655943190658486,0.7435123461943406,0.0004284736205590889,0.7435123461943406,0.7257597885289035,0.0004284736205590889,29,train
2057.2385696578813,,0.0,0.0,0.890651666332077,0.36568384550429966,0.7400556147753538,0.000387524462712463,0.7400556147753538,0.7290718339301727,0.000387524462712463,30,train
2056.3414226154705,,0.0,0.0,0.8902678200176783,0.3738318548097715,0.7329854015465621,0.0003417423829281082,0.7329854015465621,0.7354667835183196,0.0003417423829281082,31,train
2054.1700989440246,,0.0,0.0,0.8913874922217903,0.3723015672557957,0.7295192466987358,0.00031408412323798986,0.7295192466987358,0.7351447442075708,0.00031408412323798986,32,train
2052.821267599588,,0.0,0.0,0.890834041087182,0.37009794201169693,0.7286833046556829,0.00029276850109454243,0.7286833046556829,0.7370291797669379,0.00029276850109454243,33,train
2051.005164513221,,0.0,0.0,0.892807688817873,0.37349296952341937,0.7225935131638914,0.00027600175259673656,0.7225935131638914,0.7335144988783113,0.00027600175259673656,34,train
2049.488345638736,,0.0,0.0,0.890581820168338,0.37887148241420376,0.7231337329843542,0.0002590297209583999,0.7231337329843542,0.7356849686130063,0.0002590297209583999,35,train
2047.8578243046015,,0.0,0.0,0.8913650317506474,0.38197529617246695,0.7250683163548564,0.00025451528417761435,0.7250683163548564,0.7308705580103528,0.00025451528417761435,36,train
2046.1348407451924,,0.0,0.0,0.8936682021224893,0.38220024135086555,0.7160080595985874,0.00021992602123646065,0.7160080595985874,0.7398914072539781,0.00021992602123646065,37,train
2044.687992305546,,0.0,0.0,0.891932771756099,0.3867158129975035,0.7141825406105964,0.00021396531592472457,0.7141825406105964,0.7437797162559007,0.00021396531592472457,38,train
2046.6825052897136,,0.4324595627976513,0.43375814635816057,0.8846060400207838,0.37265753000974655,,,,,,39,valid
2042.9341960529705,,0.0,0.0,0.8933229450341107,0.3860753341035529,0.7153695978961148,0.00020902158745836157,0.7153695978961148,0.739036466394152,0.00020902158745836157,39,train
2041.4917850703985,,0.0,0.0,0.8927933193825104,0.38975512719416355,0.7132620090966696,0.00018568175898205178,0.7132620090966696,0.7447826102539733,0.00018568175898205178,40,train
2040.033668601906,,0.0,0.0,0.8929188374634627,0.3861264720067873,0.715491268660996,0.0001674081509311994,0.715491268660996,0.7409403808824309,0.0001674081509311994,41,train
2038.5807635967549,,0.0,0.0,0.8932756781578063,0.3903198599815369,0.7102117043930095,0.00015834411824471316,0.7102117043930095,0.7460382823105697,0.00015834411824471316,42,train
2036.7440748948318,,0.0,0.0,0.8938068775030281,0.39279445147776343,0.7120256096452147,0.00015525202434218954,0.7120256096452147,0.7396024884758415,0.00015525202434218954,43,train
2035.6102871737637,,0.0,0.0,0.8942686139882265,0.3950932456896855,0.7041315279164158,0.00015496594072222553,0.7041315279164158,0.744311680505564,0.00015496594072222553,44,train
2033.728272825807,,0.0,0.0,0.8959394676344734,0.39231986030117494,0.7043176768245277,0.00015237875656263591,0.7043176768245277,0.7418952007870098,0.00015237875656263591,45,train
2033.0689978966345,,0.0,0.0,0.8946827414271595,0.3954904261526171,0.70220354952655,0.0001371141369115018,0.70220354952655,0.747501803623451,0.0001371141369115018,46,train
2031.6362774188701,,0.0,0.0,0.895211484013023,0.3973408064999423,0.703118079311245,0.00011900533536390867,0.703118079311245,0.7458792590832972,0.00011900533536390867,47,train
2030.1214921553055,,0.0,0.0,0.8942602152352804,0.4025769072574573,0.7007012118350019,0.00011190951942505004,0.7007012118350019,0.7425166080286215,0.00011190951942505004,48,train
2039.5560811360676,,0.43152003969362646,0.4328657193006753,0.881934204697609,0.3922432427604993,,,,,,49,valid
2029.0369296231113,,0.0,0.0,0.89621697978659,0.40156147768209266,0.6996451445988247,0.00010515117804364612,0.6996451445988247,0.7435908612314162,0.00010515117804364612,49,train
2028.0901495964972,,0.0,0.0,0.8948161816858983,0.39990816286631997,0.7012961244845128,0.00010350839438615367,0.7012961244845128,0.744059796516712,0.00010350839438615367,50,train
2026.0819923484719,,0.0,0.0,0.8960644040788923,0.4055000857992487,0.6920116753368587,0.00010109313225257211,0.6920116753368587,0.752091584624825,0.00010109313225257211,51,train
2025.2162455464456,,0.0,0.0,0.8956138359321344,0.4053866183364785,0.6983039346370068,9.34412381563258e-05,0.6983039346370068,0.75020462340051,9.34412381563258e-05,52,train
2023.089116693853,,0.0,0.0,0.8960392211819741,0.40628598640253255,0.6961144654305427,9.395438367694926e-05,0.6961144654305427,0.7471203731966543,9.395438367694926e-05,53,train
2022.4734570849073,,0.0,0.0,0.8957061161051741,0.4065850315513192,0.6966485256677145,7.983820141816977e-05,0.6966485256677145,0.7490145459279909,7.983820141816977e-05,54,train
2020.962130033053,,0.0,0.0,0.8973062050211559,0.407200819843418,0.6967739580751775,7.466144840388249e-05,0.6967739580751775,0.7465117973285716,7.466144840388249e-05,55,train
2019.7737916380495,,0.0,0.0,0.8964810587547636,0.4077278396585485,0.6897882727476267,6.474202030706996e-05,0.6897882727476267,0.752162421142662,6.474202030706996e-05,56,train
2018.2054148244333,,0.0,0.0,0.8962500091437455,0.4110229168619429,0.6949567107053903,6.512118713241459e-05,0.6949567107053903,0.7461066973078382,6.512118713241459e-05,57,train
2017.1290699047047,,0.0,0.0,0.8977640643224611,0.41226230912156153,0.6965359704835075,6.609959285318231e-05,0.6965359704835075,0.7491031583848891,6.609959285318231e-05,58,train
2031.7429097493489,,0.4315587943879944,0.4327304120482551,0.8868052288889885,0.38196987460056947,,,,,,59,valid
2016.011455829327,,0.0,0.0,0.8974873092148329,0.4123247640473503,0.6997344091043367,4.750862365957194e-05,0.6997344091043367,0.7459619241756398,4.750862365957194e-05,59,train
2015.0263376759958,,0.0,0.0,0.8982060803161872,0.41382055099193865,0.6917403490988763,5.258461302825405e-05,0.6917403490988763,0.7480961058166001,5.258461302825405e-05,60,train
2013.7377084585337,,0.0,0.0,0.8981115938542965,0.41696626838746964,0.6902413597473731,5.712034162570489e-05,0.6902413597473731,0.7500963034210625,5.712034162570489e-05,61,train
2012.6507206172735,,0.0,0.0,0.8973429510881614,0.41791875912592963,0.6874889508708493,5.4616104474310605e-05,0.6874889508708493,0.7542252913936154,5.4616104474310605e-05,62,train
2011.5235394488325,,0.0,0.0,0.8977973522720757,0.4169794733707721,0.6836567232896994,6.544718562508933e-05,0.6836567232896994,0.7493861546883216,6.544718562508933e-05,63,train
2010.7330872252746,,0.0,0.0,0.8978758232934134,0.41732135212028426,0.6885023516613048,5.893624790284472e-05,0.6885023516613048,0.7519057655072474,5.893624790284472e-05,64,train
2009.3240685096155,,0.0,0.0,0.8979801290637845,0.42071104128282144,0.6838884019589686,5.04036611043072e-05,0.6838884019589686,0.7476873351977422,5.04036611043072e-05,65,train
2008.4062996329842,,0.0,0.0,0.8977078562254435,0.4163992571306754,0.6867005982241787,4.2371527282133074e-05,0.6867005982241787,0.7505313976780399,4.2371527282133074e-05,66,train
2007.5302479502918,,0.0,0.0,0.897974183664217,0.4181992426023379,0.6840354950873406,3.8117667342400335e-05,0.6840354950873406,0.7487662519727435,3.8117667342400335e-05,67,train
2006.0916426103195,,0.0,0.0,0.8983514692757155,0.4197162360935421,0.6765612615988805,4.611443200701615e-05,0.6765612615988805,0.7506412883381267,4.611443200701615e-05,68,train
2027.0232391357422,,0.4297387033229838,0.4312014024194634,0.8849661335349083,0.40418800959984463,,,,,,69,valid
2004.6796016483515,,0.0,0.0,0.8983855682414968,0.42381458806467576,0.6840300180099823,4.123224922902106e-05,0.6840300180099823,0.74480194573874,4.123224922902106e-05,69,train
2003.8045587225274,,0.0,0.0,0.8989727035983579,0.42214436740665645,0.6798267724749806,4.641043263594232e-05,0.6798267724749806,0.7555443290825729,4.641043263594232e-05,70,train
2002.9197327330871,,0.0,0.0,0.8980503198864697,0.42211113133273276,0.6783182398303524,4.073147786887906e-05,0.6783182398303524,0.755346777674916,4.073147786887906e-05,71,train
2001.9623366135818,,0.0,0.0,0.8987835379747244,0.4235811817777026,0.680546549650339,4.798211818221413e-05,0.680546549650339,0.7498347045301081,4.798211818221413e-05,72,train
2000.9747233967205,,0.0,0.0,0.8990846081094428,0.4247516725089524,0.6764465056277893,4.680516710019826e-05,0.6764465056277893,0.7536351700405498,4.680516710019826e-05,73,train
2000.0399183336194,,0.0,0.0,0.898859882092738,0.42772454639057533,0.673484899185516,3.890102904430629e-05,0.673484899185516,0.7511616637418558,3.890102904430629e-05,74,train
1999.751223385989,,0.0,0.0,0.8987726853444027,0.4292872149865705,0.6819229083401817,3.881154095021581e-05,0.6819229083401817,0.7516225655000288,3.881154095021581e-05,75,train
1999.090063744849,,0.0,0.0,0.8991660579220281,0.4264551330398727,0.6786742216938144,3.360289156262297e-05,0.6786742216938144,0.7511535607851468,3.360289156262297e-05,76,train
1997.7170906486092,,0.0,0.0,0.8996632481669332,0.42398659344557876,0.6765127129607148,3.792005306119487e-05,0.6765127129607148,0.7519676043437078,3.792005306119487e-05,77,train
1996.3834067543785,,0.0,0.0,0.8987710494261522,0.42587766070942307,0.6720366281467479,4.0250404617836465e-05,0.6720366281467479,0.7527356796212249,4.0250404617836465e-05,78,train
2025.3597106933594,,0.4297979775588405,0.43126149476342485,0.8867966229716937,0.4001525565981865,,,,,,79,valid
1995.9168432885474,,0.0,0.0,0.8997951201030185,0.42969111741244137,0.6783707574173644,4.550784748668472e-05,0.6783707574173644,0.7543695208790538,4.550784748668472e-05,79,train
1994.3193024016998,,0.0,0.0,0.8999675661652953,0.42910171917506623,0.6725562165726672,4.389885604420366e-05,0.6725562165726672,0.7547082069155934,4.389885604420366e-05,80,train
1993.7167043161917,,0.0,0.0,0.8995167551459846,0.4300979620807774,0.6748830269981216,4.137616257745928e-05,0.6748830269981216,0.7511918590619013,4.137616257745928e-05,81,train
1993.1814863603195,,0.0,0.0,0.8999354365107778,0.43236838199280114,0.6716964159693036,4.342580590067276e-05,0.6716964159693036,0.7519676593633798,4.342580590067276e-05,82,train
1992.0901415479052,,0.0,0.0,0.9001449283662734,0.4321439009446364,0.6686300949735956,3.6969683151255595e-05,0.6686300949735956,0.7557583975267934,3.6969683151255595e-05,83,train
1991.1634266612293,,0.0,0.0,0.8997677630120583,0.4309635927388956,0.67687830721939,3.349315587305076e-05,0.67687830721939,0.7508030527240628,3.349315587305076e-05,84,train
1989.9084137298248,,0.0,0.0,0.9004057110010923,0.43427582939902515,0.6758450931245155,3.0992856197068855e-05,0.6758450931245155,0.7512615827413706,3.0992856197068855e-05,85,train
1989.4054451407967,,0.0,0.0,0.8999477445424259,0.4359354279853485,0.664446045081694,2.996710906397008e-05,0.664446045081694,0.7545534496778971,2.996710906397008e-05,86,train
1988.4004201365042,,0.0,0.0,0.9006214090756006,0.43449024957614946,0.6594153501830258,3.1236341783369426e-05,0.6594153501830258,0.7592691156890367,3.1236341783369426e-05,87,train
1987.9917421445741,,0.0,0.0,0.9001543254642695,0.43540015417140915,0.6682055857810345,3.82403951031544e-05,0.6682055857810345,0.7535010464898833,3.82403951031544e-05,88,train
2022.5210469563801,,0.4310503118760686,0.4328947566367279,0.8879660661021868,0.4154748385151228,,,,,,89,valid
1986.7134795136503,,0.0,0.0,0.9007768927039681,0.435069928588448,0.672406547999644,3.642460342234699e-05,0.672406547999644,0.7545868715087136,3.642460342234699e-05,89,train
1986.2806490384614,,0.0,0.0,0.8997808962077886,0.43578103872445906,0.6723221507701245,3.73839017508241e-05,0.6723221507701245,0.7604705789587,3.73839017508241e-05,90,train
1985.4508472484547,,0.0,0.0,0.9007597352122213,0.4348185440996191,0.6689575144222805,3.5366546004903894e-05,0.6689575144222805,0.7542149142904596,3.5366546004903894e-05,91,train
1984.506362412002,,0.0,0.0,0.9008461402012752,0.43486779823408034,0.666344648861623,3.9601374616419586e-05,0.666344648861623,0.7595719819540506,3.9601374616419586e-05,92,train
1983.9276820591517,,0.0,0.0,0.9004943027601138,0.43704532830269777,0.6613515366564741,3.886864985058007e-05,0.6613515366564741,0.7550935299841912,3.886864985058007e-05,93,train
1982.5355922154017,,0.0,0.0,0.9013207814195653,0.4388309668708633,0.658615054665031,4.223725918564014e-05,0.658615054665031,0.7608330505234855,4.223725918564014e-05,94,train
1981.9256122295674,,0.0,0.0,0.9009724356315949,0.44076840379735927,0.6602425090559236,4.4018910072433454e-05,0.6602425090559236,0.7601349890887082,4.4018910072433454e-05,95,train
1981.3920482593578,,0.0,0.0,0.9014404936151189,0.4376257209987431,0.6631008615860572,3.699327993066011e-05,0.6631008615860572,0.7547588767586174,3.699327993066011e-05,96,train
1981.2028084220467,,0.0,0.0,0.9010798099276786,0.44094264507293707,0.6634020500785702,3.6477465558467276e-05,0.6634020500785702,0.7571272948286035,3.6477465558467276e-05,97,train
1979.8620310353708,,0.0,0.0,0.9009250808548142,0.4377829297558293,0.6604494295277439,3.392112639630795e-05,0.6604494295277439,0.7587748182998909,3.392112639630795e-05,98,train
2022.40576171875,,0.4258229156745965,0.42799210629512324,0.886510960261027,0.4108587091167768,,,,,,99,valid
1978.9627564817995,,0.0,0.0,0.9011971270645058,0.44150690128515063,0.6595336647479089,3.9139645862936354e-05,0.6595336647479089,0.7583048494307549,3.9139645862936354e-05,99,train
1978.359620482057,,0.0,0.0,0.9017606376291629,0.4393129486304064,0.6636009065659492,3.213230462885501e-05,0.6636009065659492,0.7606775295603406,3.213230462885501e-05,100,train
1977.9508002983346,,0.0,0.0,0.9009024508706817,0.43811200162866615,0.6601667296100449,3.594715162762441e-05,0.6601667296100449,0.7605341699097182,3.594715162762441e-05,101,train
1976.8068324497767,,0.0,0.0,0.9013985231682494,0.44459363562720167,0.6608674195441571,4.291509170191906e-05,0.6608674195441571,0.7599121509017525,4.291509170191906e-05,102,train
1976.4012290200035,,0.0,0.0,0.9013514534457698,0.441824823814434,0.6607539470379169,4.612758772661134e-05,0.6607539470379169,0.7520128514740493,4.612758772661134e-05,103,train
1975.6267827631352,,0.0,0.0,0.9018571030962599,0.44400379566045906,0.6631577172122158,5.006602714274777e-05,0.6631577172122158,0.7576759994684995,5.006602714274777e-05,104,train
1975.5701246995193,,0.0,0.0,0.9016881116143948,0.44393237658909385,0.662900468150338,4.3580094916251257e-05,0.662900468150338,0.7598667544323009,4.3580094916251257e-05,105,train
1974.124782688015,,0.0,0.0,0.9013947477707496,0.4447159875880231,0.6533742828683539,2.8888386320128728e-05,0.6533742828683539,0.7570078451554854,2.8888386320128728e-05,106,train
1973.9984801575379,,0.0,0.0,0.9021970122725101,0.4454463559192616,0.6529554318595718,3.3579185765120204e-05,0.6529554318595718,0.7605526014998719,3.3579185765120204e-05,107,train
1972.8846650175997,,0.0,0.0,0.9015191130585722,0.4455490473862532,0.6592361805858192,3.542540574320204e-05,0.6592361805858192,0.7563112640118861,3.542540574320204e-05,108,train
2026.0708923339844,,0.4327144451592617,0.43446046671794597,0.8925021936496099,0.4198029547929763,,,,,,109,valid
1972.1099571814905,,0.0,0.0,0.9028164183700478,0.4422483089205982,0.6538177849827232,3.225335215878052e-05,0.6538177849827232,0.7612181508934105,3.225335215878052e-05,109,train
1971.350364601219,,0.0,0.0,0.9023103414001046,0.4445503291192946,0.6562130359502939,2.790249324486164e-05,0.6562130359502939,0.7592166793215406,2.790249324486164e-05,110,train
1971.046115749485,,0.0,0.0,0.9023414226678701,0.4432974208842268,0.6574191870270195,3.149762305838521e-05,0.6574191870270195,0.7556989160212841,3.149762305838521e-05,111,train
1970.4900720617272,,0.0,0.0,0.9025289304963834,0.44323412965942227,0.6504920265831791,3.7285386103273295e-05,0.6504920265831791,0.7573887967801356,3.7285386103273295e-05,112,train
1969.3628600403504,,0.0,0.0,0.90280706515679,0.4461498398047227,0.6573487310619145,3.1328822569776096e-05,0.6573487310619145,0.756509896163102,3.1328822569776096e-05,113,train
1968.7582095638736,,0.0,0.0,0.9025865875757658,0.4477615220206124,0.6621104469011118,3.040465356510443e-05,0.6621104469011118,0.7589106075056307,3.040465356510443e-05,114,train
1968.061507340316,,0.0,0.0,0.9026494660220303,0.44566833776432085,0.6483686956075522,3.0379581949091518e-05,0.6483686956075522,0.7581899880052922,3.0379581949091518e-05,115,train
1967.996850317651,,0.0,0.0,0.9020266168720119,0.4483082839420862,0.6560186619287008,2.6528912409654975e-05,0.6560186619287008,0.7551215251723489,2.6528912409654975e-05,116,train
1966.7315298227163,,0.0,0.0,0.9026619866654112,0.4471526905730531,0.6522142297618991,3.0219435060037844e-05,0.6522142297618991,0.7597282155529483,3.0219435060037844e-05,117,train
1965.9957905863669,,0.0,0.0,0.902785353215186,0.4495076171644441,0.6554216637716188,3.230235643059132e-05,0.6554216637716188,0.7578205243571774,3.230235643059132e-05,118,train
2026.456507364909,,0.42610396903004544,0.4279888194852803,0.8920126527547835,0.4213565866152445,,,,,,119,valid
1965.8708013178227,,0.0,0.0,0.9020003432755942,0.45037160862933157,0.6521647958965092,3.0592195010588814e-05,0.6521647958965092,0.758428041096572,3.0592195010588814e-05,119,train
1965.4033538483002,,0.0,0.0,0.9016221933312466,0.450330982365451,0.6514218501992278,3.099310897596297e-05,0.6514218501992278,0.7625534907802121,3.099310897596297e-05,120,train
1964.3194150819884,,0.0,0.0,0.9028755051749093,0.44994952875179245,0.6486573831720667,3.361723244476404e-05,0.6486573831720667,0.7609806421038868,3.361723244476404e-05,121,train
1963.8480398995537,,0.0,0.0,0.9028679682658269,0.4515761773664873,0.6506079454998394,3.254849510388643e-05,0.6506079454998394,0.762081408893669,3.254849510388643e-05,122,train
1963.7158847012363,,0.0,0.0,0.9033414771268655,0.44890864655211726,0.6533637452911545,3.2331651709682774e-05,0.6533637452911545,0.7597120332193898,3.2331651709682774e-05,123,train
1963.6525328919129,,0.0,0.0,0.9025678035977124,0.44758974353035735,0.6502783308317374,2.755189931728334e-05,0.6502783308317374,0.7606053673304044,2.755189931728334e-05,124,train
1962.6964728386847,,0.0,0.0,0.9024604079487559,0.44890049276771127,0.6538528934284881,2.574543620236606e-05,0.6538528934284881,0.7598802525918562,2.574543620236606e-05,125,train
1961.982416509272,,0.0,0.0,0.9024515000018446,0.45126440184456956,0.6529336273670197,2.7467205109132918e-05,0.6529336273670197,0.7564325509490547,2.7467205109132918e-05,126,train
1961.2547822050997,,0.0,0.0,0.9030082722286603,0.4503265337629633,0.648225547848167,2.696188906459914e-05,0.648225547848167,0.7585980558133387,2.696188906459914e-05,127,train
1960.9529801253434,,0.0,0.0,0.9027877409379562,0.4519330417716895,0.6437754198745057,3.016159374359025e-05,0.6437754198745057,0.7570738884118887,3.016159374359025e-05,128,train
2019.5820058186848,,0.4252007045104104,0.42685014096044416,0.8941938474774361,0.42088651408751804,,,,,,129,valid
1960.4726696643202,,0.0,0.0,0.9031007876762975,0.4495663555113824,0.6461054774431082,2.6385907191676475e-05,0.6461054774431082,0.7625492228256477,2.6385907191676475e-05,129,train
1960.1213003305288,,0.0,0.0,0.9021731664846234,0.45261984814654344,0.6476458245581322,2.505691036276403e-05,0.6476458245581322,0.7597902548182142,2.505691036276403e-05,130,train
1958.8496657151443,,0.0,0.0,0.9026717128334466,0.4543627970821255,0.6457269686263997,2.841576554904653e-05,0.6457269686263997,0.7603716273884197,2.841576554904653e-05,131,train
1958.874271602421,,0.0,0.0,0.9037292390079289,0.45358483188754906,0.6437632618369636,2.6448272425720157e-05,0.6437632618369636,0.7596990865665477,2.6448272425720157e-05,132,train
1958.2127041659512,,0.0,0.0,0.9031814397036375,0.4546433881088927,0.6463634208008483,2.7772387238655937e-05,0.6463634208008483,0.7637766128057962,2.7772387238655937e-05,133,train
1957.4463802798764,,0.0,0.0,0.9035590473112171,0.4529707742261363,0.6444621187645,2.3790340067838165e-05,0.6444621187645,0.7621471207220476,2.3790340067838165e-05,134,train
1956.9309712504294,,0.0,0.0,0.9028015947603917,0.45525025404416597,0.6465641486120748,3.1663312802265865e-05,0.6465641486120748,0.7617774487851741,3.1663312802265865e-05,135,train
1956.7831078833276,,0.0,0.0,0.903563968034891,0.45358094304472535,0.6484584546351171,2.821562835985484e-05,0.6484584546351171,0.7645808405928559,2.821562835985484e-05,136,train
1955.976577255752,,0.0,0.0,0.9026011677888724,0.4522316671989776,0.6507730565883301,2.6245794166849616e-05,0.6507730565883301,0.7626864831526201,2.6245794166849616e-05,137,train
1955.5398915049793,,0.0,0.0,0.9036176808587799,0.4535348586983733,0.6410640736857613,2.3442256497219206e-05,0.6410640736857613,0.7653239343192552,2.3442256497219206e-05,138,train
2020.5015106201172,,0.4279089123888266,0.4294659562084882,0.890486600001653,0.41900912423928577,,,,,,139,valid
1955.1376322651956,,0.0,0.0,0.904529566031236,0.4565197571293338,0.6469443024514796,2.2118074866739335e-05,0.6469443024514796,0.76147277538593,2.2118074866739335e-05,139,train
1953.9869357936984,,0.0,0.0,0.9028652772798642,0.45804367851425,0.6433652079367376,2.27847237814179e-05,0.6433652079367376,0.7598943323879451,2.27847237814179e-05,140,train
1954.2012845552886,,0.0,0.0,0.9042639634111427,0.45565449340002884,0.6454319524896014,2.0167332392399353e-05,0.6454319524896014,0.764346446964767,2.0167332392399353e-05,141,train
1953.7182000128778,,0.0,0.0,0.9037215653356614,0.45627185001478093,0.6429029549216176,2.4498744672503865e-05,0.6429029549216176,0.760154936339829,2.4498744672503865e-05,142,train
1952.542949969952,,0.0,0.0,0.9040488499861498,0.45646472658429826,0.6463836513377808,2.483440309030508e-05,0.6463836513377808,0.7614254787728026,2.483440309030508e-05,143,train
1952.8705102270776,,0.0,0.0,0.9035401015491276,0.4527741871037325,0.6402919800071926,2.45161368487364e-05,0.6402919800071926,0.7636772780627995,2.45161368487364e-05,144,train
1951.923330453726,,0.0,0.0,0.9035447505804208,0.4538893235908761,0.6381509474345616,2.7223676715948387e-05,0.6381509474345616,0.7650456579176934,2.7223676715948387e-05,145,train
1951.4678874592205,,0.0,0.0,0.9043006355945878,0.45806206255168713,0.6437458674331288,2.4569100363199445e-05,0.6437458674331288,0.7630316182807252,2.4569100363199445e-05,146,train
1951.169681758671,,0.0,0.0,0.9045691441703626,0.4532139323569916,0.6380035205856784,2.4449207072999948e-05,0.6380035205856784,0.76240005335965,2.4449207072999948e-05,147,train
1950.8351138607486,,0.0,0.0,0.9039813794932523,0.45946911874708235,0.6428914482776935,2.6041361070383574e-05,0.6428914482776935,0.7609408740158919,2.6041361070383574e-05,148,train
2025.8289591471355,,0.42409457108220866,0.4254933150210178,0.8932109226783117,0.4240161548058192,,,,,,149,valid
1950.6455869569884,,0.0,0.0,0.9040219207386395,0.45972286606882945,0.635490785915773,2.63733144189852e-05,0.635490785915773,0.7642914927922763,2.63733144189852e-05,149,train
1950.205842741243,,0.0,0.0,0.9030406882474711,0.45743772773952274,0.641540085876381,3.0159525946752788e-05,0.641540085876381,0.7611116773479587,3.0159525946752788e-05,150,train
1949.7643908825548,,0.0,0.0,0.9044747564818834,0.45972261730131214,0.6352364856463212,2.6161233108723536e-05,0.6352364856463212,0.7632620387024932,2.6161233108723536e-05,151,train
1948.9346534812844,,0.0,0.0,0.9039765488970412,0.4583884888952905,0.6379820638960534,2.8181274531865106e-05,0.6379820638960534,0.7623986634579334,2.8181274531865106e-05,152,train
1948.4953318166208,,0.0,0.0,0.9042146712869077,0.461090667955168,0.6420369780325628,2.924922931318482e-05,0.6420369780325628,0.7619949736437954,2.924922931318482e-05,153,train
1948.250215970553,,0.0,0.0,0.9045412955703317,0.4590960118796799,0.6386981419809572,3.340409169444077e-05,0.6386981419809572,0.759951073389787,3.340409169444077e-05,154,train
1947.667515345982,,0.0,0.0,0.9047757781468905,0.4592449086053031,0.6441705495446592,2.9280488615768262e-05,0.6441705495446592,0.7607357849131574,2.9280488615768262e-05,155,train
1947.4659142127405,,0.0,0.0,0.9045232837016768,0.4616357080229036,0.6423634156420991,2.1540145038064414e-05,0.6423634156420991,0.7667776457556001,2.1540145038064414e-05,156,train
1946.9990636804603,,0.0,0.0,0.9041684005286665,0.4614618234582001,0.6355948412156367,2.3054733416453623e-05,0.6355948412156367,0.7626590375061874,2.3054733416453623e-05,157,train
1946.353015270862,,0.0,0.0,0.9040281885272854,0.4610538032028701,0.6269049244922597,2.1594332762712534e-05,0.6269049244922597,0.767622471510709,2.1594332762712534e-05,158,train
2026.9456787109375,,0.41988591430699307,0.4216060329203554,0.8886451611916225,0.4327651957670848,,,,,,159,valid
1945.7545635516826,,0.0,0.0,0.9043830200866027,0.4596794651104853,0.637933394738606,1.8136211019736946e-05,0.637933394738606,0.7636360499885056,1.8136211019736946e-05,159,train
1945.6540983430632,,0.0,0.0,0.9041326199259075,0.4619982369653471,0.6373279343594561,1.888751468565412e-05,0.6373279343594561,0.7598567572268811,1.888751468565412e-05,160,train
1944.9455029833448,,0.0,0.0,0.9037629494300254,0.46180240741142864,0.6304648646286556,2.2728596256153348e-05,0.6304648646286556,0.7686982082796621,2.2728596256153348e-05,161,train
1944.3978097098213,,0.0,0.0,0.9048566747497726,0.46061743419248985,0.6302704781621367,2.2338923160229265e-05,0.6302704781621367,0.7661800587570274,2.2338923160229265e-05,162,train
1943.9095365084136,,0.0,0.0,0.9047599728290853,0.46056026639519154,0.6339451382448386,2.7616785215892983e-05,0.6339451382448386,0.7675995053825798,2.7616785215892983e-05,163,train
1943.2323118775755,,0.0,0.0,0.9047788175907765,0.4617800751885215,0.6286870811011765,2.735085863605491e-05,0.6286870811011765,0.7679233786823986,2.735085863605491e-05,164,train
1943.306882082761,,0.0,0.0,0.9050298169419005,0.4642326664138626,0.6293152217026595,2.4156866826767023e-05,0.6293152217026595,0.7713740710373763,2.4156866826767023e-05,165,train
1943.2721792367788,,0.0,0.0,0.9041320673712009,0.4648855277470181,0.633668798339236,2.527434165434291e-05,0.633668798339236,0.7626786133745215,2.527434165434291e-05,166,train
1942.8099204262535,,0.0,0.0,0.9050527310633397,0.4660983697398678,0.6280902054283645,2.5001484118547523e-05,0.6280902054283645,0.7658513679609193,2.5001484118547523e-05,167,train
1941.561988914406,,0.0,0.0,0.9053928959500659,0.46220366588005657,0.6276687010303958,2.5574088279730253e-05,0.6276687010303958,0.7710978421536121,2.5574088279730253e-05,168,train
2022.2941182454426,,0.4280823461305044,0.42990366814819386,0.8864399125178655,0.4355851322412491,,,,,,169,valid
1942.1577845982142,,0.0,0.0,0.9042202500196604,0.46199499172168773,0.6334572663673987,2.802659500957816e-05,0.6334572663673987,0.7664025530710326,2.802659500957816e-05,169,train
1941.8316543076064,,0.0,0.0,0.9046838068700096,0.4651719388070997,0.6351201406547001,2.724280875554541e-05,0.6351201406547001,0.7616258656585609,2.724280875554541e-05,170,train
1941.5805248218578,,0.0,0.0,0.9051757913369399,0.4620418168686248,0.6282924492280562,2.1634995846397942e-05,0.6282924492280562,0.7684542634984949,2.1634995846397942e-05,171,train
1940.7633566384786,,0.0,0.0,0.9047887527025663,0.46780139024441064,0.6292952122269097,2.7544956689477356e-05,0.6292952122269097,0.7650672505190085,2.7544956689477356e-05,172,train
1940.6634400755495,,0.0,0.0,0.9043119251073063,0.46607376952747714,0.6320781946837247,2.8485899019869975e-05,0.6320781946837247,0.7640794247061342,2.8485899019869975e-05,173,train
1939.6937577803055,,0.0,0.0,0.9047322391153694,0.4652510032549008,0.6319042123281039,2.2594041183765512e-05,0.6319042123281039,0.7626028205012227,2.2594041183765512e-05,174,train
1939.249271602421,,0.0,0.0,0.9055210172475039,0.46411537364289007,0.6255099684982509,2.3878729371062947e-05,0.6255099684982509,0.7698462795425247,2.3878729371062947e-05,175,train
1939.53219973386,,0.0,0.0,0.9056488588616088,0.4643494509078644,0.6225334507423442,2.3628992009131857e-05,0.6225334507423442,0.7670789970146431,2.3628992009131857e-05,176,train
1938.5477133950035,,0.0,0.0,0.9050751636316489,0.4641336549769392,0.6281201515223954,2.411110120495626e-05,0.6281201515223954,0.7688079633555569,2.411110120495626e-05,177,train
1938.5447716346155,,0.0,0.0,0.9047255525222192,0.4650528590757768,0.6243122521337572,2.379632369411411e-05,0.6243122521337572,0.7666286511735602,2.379632369411411e-05,178,train
2028.6743876139324,,0.4237150660810503,0.42536623546044555,0.8957541023691494,0.42701607346534726,,,,,,179,valid
1938.3175223214287,,0.0,0.0,0.9050461247727111,0.46848698710347264,0.6309058656404306,2.3760331411419127e-05,0.6309058656404306,0.7676032755401109,2.3760331411419127e-05,179,train
1937.953609256954,,0.0,0.0,0.9045457084100325,0.46591152686339155,0.6228055485657283,2.1686869664942303e-05,0.6228055485657283,0.7726740162451189,2.1686869664942303e-05,180,train
1937.2021189259958,,0.0,0.0,0.9052078512998729,0.4662431528280069,0.6192021238934863,1.8156202304453473e-05,0.6192021238934863,0.7696017131700621,1.8156202304453473e-05,181,train
1938.056146978022,,0.0,0.0,0.9038671411000766,0.4677212493760245,0.629069658426138,1.980997750858175e-05,0.629069658426138,0.7690371923394256,1.980997750858175e-05,182,train
1936.7871482765281,,0.0,0.0,0.9056172414140388,0.46743755366776013,0.6215231117311415,1.8847995670512317e-05,0.6215231117311415,0.769203252189762,1.8847995670512317e-05,183,train
1936.5270472935267,,0.0,0.0,0.9053100479828132,0.46607537583990405,0.6223840333603241,2.377896538140097e-05,0.6223840333603241,0.7747426367068029,2.377896538140097e-05,184,train
1936.5247695419814,,0.0,0.0,0.9052605315879151,0.46698547654099515,0.6311153261871129,1.9346443862862847e-05,0.6311153261871129,0.7646664210728237,1.9346443862862847e-05,185,train
1936.0607185782967,,0.0,0.0,0.9059478816095289,0.4673702411599211,0.6224294694570395,1.973455799391862e-05,0.6224294694570395,0.7698531943363148,1.973455799391862e-05,186,train
1936.1668674343234,,0.0,0.0,0.9050565456296064,0.4675345123469174,0.623162214572613,2.0866471428841273e-05,0.623162214572613,0.7706292081665207,2.0866471428841273e-05,187,train
1935.3166369763048,,0.0,0.0,0.9051628530680477,0.4658565358801202,0.6297893992492131,1.8657878157076388e-05,0.6297893992492131,0.761678057712513,1.8657878157076388e-05,188,train
2033.4581553141277,,0.4179366638283031,0.4201278361091527,0.8927498276034992,0.43592198044061664,,,,,,189,valid
1935.6001969222184,,0.0,0.0,0.9051100857965239,0.46761539440888633,0.6288243745054517,1.6520589451829436e-05,0.6288243745054517,0.762529547397907,1.6520589451829436e-05,189,train
1934.3368255279877,,0.0,0.0,0.905459950520442,0.4683570239570114,0.6213385302286881,1.5900937857319756e-05,0.6213385302286881,0.7680583936827523,1.5900937857319756e-05,190,train
1934.4601634937328,,0.0,0.0,0.9057773411928953,0.4644401035466037,0.6249003888486506,1.9190502219620004e-05,0.6249003888486506,0.770325039769267,1.9190502219620004e-05,191,train
1933.6140995235235,,0.0,0.0,0.9054676165947548,0.4695486963450254,0.6232642682044061,1.9248502060994117e-05,0.6232642682044061,0.7706173442222259,1.9248502060994117e-05,192,train
1933.6086680653332,,0.0,0.0,0.9057869607275658,0.4682071131664318,0.6174980136719379,1.99628017374683e-05,0.6174980136719379,0.7696296146937779,1.99628017374683e-05,193,train
1933.3441738925137,,0.0,0.0,0.9052179432177281,0.4687258831747286,0.6250618941836305,1.844793596319505e-05,0.6250618941836305,0.7663520581119663,1.844793596319505e-05,194,train
1933.3128085293613,,0.0,0.0,0.9053716524616705,0.4696460519518172,0.6225145269226242,1.6615278991594095e-05,0.6225145269226242,0.7681821309603177,1.6615278991594095e-05,195,train
1933.6198073167068,,0.0,0.0,0.9049236999763238,0.46830197808506724,0.6242674536757417,1.6245649400540667e-05,0.6242674536757417,0.7652674075011369,1.6245649400540667e-05,196,train
1933.2376507769575,,0.0,0.0,0.9047420920906486,0.468185505762205,0.6303417400999384,2.140225148347478e-05,0.6303417400999384,0.761041406091753,2.140225148347478e-05,197,train
1932.2556527944712,,0.0,0.0,0.905825229398497,0.471757205764016,0.620328046463348,1.9307647805059483e-05,0.620328046463348,0.7681956985494592,1.9307647805059483e-05,198,train
2028.188929239909,,0.42226537659527635,0.4238261563462493,0.8937997847795488,0.43055624812841414,,,,,,199,valid
1931.541294642857,,0.0,0.0,0.9057290496406974,0.4729304104060918,0.6187186486773438,1.995352070783459e-05,0.6187186486773438,0.7688120446362339,1.995352070783459e-05,199,train
1931.6300276871566,,0.0,0.0,0.9055721910445245,0.4715627488199171,0.6182950188170423,1.726987978448354e-05,0.6182950188170423,0.7718253050531659,1.726987978448354e-05,200,train
1931.2434953962054,,0.0,0.0,0.9059623152345093,0.4686881212087778,0.6191398317997272,2.1029338965187585e-05,0.6191398317997272,0.7697615662773887,2.1029338965187585e-05,201,train
1930.345450935783,,0.0,0.0,0.9059759615541815,0.4692434204803719,0.6195840462223514,1.8186261756151603e-05,0.6195840462223514,0.7696036716083904,1.8186261756151603e-05,202,train
1930.776395357572,,0.0,0.0,0.9058347415138077,0.4715328723519713,0.6244592260528397,2.0428197876753985e-05,0.6244592260528397,0.7688606112867922,2.0428197876753985e-05,203,train
1930.4821294428227,,0.0,0.0,0.9061041907949761,0.4679231578177149,0.6154754682556614,1.655259352446592e-05,0.6154754682556614,0.7691155023627229,1.655259352446592e-05,204,train
1930.2383335658483,,0.0,0.0,0.9057439730717585,0.46935958665805855,0.6207742262017596,1.5981074860368e-05,0.6207742262017596,0.7685358701171455,1.5981074860368e-05,205,train
1929.9083855597528,,0.0,0.0,0.9064017044318902,0.4732913099802457,0.6166874173578325,1.5553822989507657e-05,0.6166874173578325,0.7718113837661323,1.5553822989507657e-05,206,train
1929.8912782773866,,0.0,0.0,0.9058046520411314,0.46800550654694273,0.6208711187918108,1.619139267556117e-05,0.6208711187918108,0.7714330986305907,1.619139267556117e-05,207,train
1929.0102914663462,,0.0,0.0,0.9059281207702972,0.47237045109927,0.6169729213138203,1.933235747249758e-05,0.6169729213138203,0.7664783760741517,1.933235747249758e-05,208,train
2029.1311136881511,,0.41990536657231137,0.4218943530497619,0.8960444097717604,0.4399970124165217,,,,,,209,valid
1929.072755247682,,0.0,0.0,0.9060308812738775,0.4731633196820269,0.6176022402532808,2.300018962462976e-05,0.6176022402532808,0.770307570368379,2.300018962462976e-05,209,train
1928.8647756052542,,0.0,0.0,0.9058389121359521,0.47228035743419944,0.617423054936168,2.3983241862879368e-05,0.617423054936168,0.7690338210745172,2.3983241862879368e-05,210,train
1928.8672612787602,,0.0,0.0,0.9063430162576528,0.4723461610930307,0.619707451744394,1.9246023900147217e-05,0.619707451744394,0.768669049163441,1.9246023900147217e-05,211,train
1928.1429590916896,,0.0,0.0,0.9067660216446761,0.4714319730852986,0.6144211482215713,2.04561486801443e-05,0.6144211482215713,0.7714168697923094,2.04561486801443e-05,212,train
1928.326444185697,,0.0,0.0,0.9065339736886077,0.47263135019239494,0.6149726218574649,2.0733652218041242e-05,0.6149726218574649,0.7711307118227194,2.0733652218041242e-05,213,train
1927.714139498197,,0.0,0.0,0.9058986159471366,0.4734859339483491,0.6091172528135907,2.022401525512881e-05,0.6091172528135907,0.7755991377673306,2.022401525512881e-05,214,train
1927.6139720874828,,0.0,0.0,0.905720461986877,0.4738377827864426,0.6152222457822862,2.1983949924712457e-05,0.6152222457822862,0.7712398466173109,2.1983949924712457e-05,215,train
1927.9663756653504,,0.0,0.0,0.9055846650521835,0.47390741935143116,0.6175275916581625,1.969847201811111e-05,0.6175275916581625,0.7718911485357599,1.969847201811111e-05,216,train
1927.5635141225962,,0.0,0.0,0.9057693214206904,0.4719310396320218,0.6147082061557979,1.9059597949914556e-05,0.6147082061557979,0.7726766264045631,1.9059597949914556e-05,217,train
1927.0518262255323,,0.0,0.0,0.905905951641418,0.4691727285856729,0.6264048827873482,2.046480602378627e-05,0.6264048827873482,0.7667336372228769,2.046480602378627e-05,218,train
2034.9887034098308,,0.4269522028372766,0.4288711317616276,0.8917415777842205,0.43052540669838585,,,,,,219,valid
1926.509525508671,,0.0,0.0,0.9051196338056208,0.4724938538048293,0.6147667863866785,2.0310544884220386e-05,0.6147667863866785,0.7696992512587663,2.0310544884220386e-05,219,train
1925.8491827996222,,0.0,0.0,0.9066849365339174,0.47136095801552574,0.611759887946831,2.029581877044014e-05,0.611759887946831,0.7753293946549132,2.029581877044014e-05,220,train
1926.0801961710165,,0.0,0.0,0.9060809270366209,0.4722647588331621,0.6175325355686985,2.2371886643668404e-05,0.6175325355686985,0.7647719095041464,2.2371886643668404e-05,221,train
1925.710433121566,,0.0,0.0,0.9059281824709294,0.4755081155797937,0.6209324591762417,1.751806812535506e-05,0.6209324591762417,0.7672116704039521,1.751806812535506e-05,222,train
1925.4190606756524,,0.0,0.0,0.9057979026993552,0.4721909470610567,0.6151410989708953,1.595743310645048e-05,0.6151410989708953,0.7682242406593575,1.595743310645048e-05,223,train
1925.0326759422219,,0.0,0.0,0.9063997953802674,0.47476390744303604,0.6147018906834362,1.647317335482512e-05,0.6147018906834362,0.7719199605040498,1.647317335482512e-05,224,train
1924.7062451708448,,0.0,0.0,0.9067597894878178,0.4747770656596173,0.6150364921643183,1.924520947795827e-05,0.6150364921643183,0.7739429107079139,1.924520947795827e-05,225,train
1924.9237020303915,,0.0,0.0,0.9062051782241236,0.4747876760723826,0.6120626939522041,1.5763602823426483e-05,0.6120626939522041,0.7725058617172661,1.5763602823426483e-05,226,train
1924.6072220016313,,0.0,0.0,0.9055704880546738,0.47235008753263025,0.6084650224381751,1.582603998334283e-05,0.6084650224381751,0.7730460166931152,1.582603998334283e-05,227,train
1923.9781842912946,,0.0,0.0,0.9054237466592056,0.4732801206819304,0.6133092442056635,1.5184295140594865e-05,0.6133092442056635,0.7696723964188125,1.5184295140594865e-05,228,train
2031.091344197591,,0.4222849267063237,0.4241743596502901,0.8925115605195364,0.4459600105881691,,,,,,229,valid
1924.484397804344,,0.0,0.0,0.9065843859871667,0.47553120510918756,0.6156401516317012,1.7689114732396167e-05,0.6156401516317012,0.7696712934053861,1.7689114732396167e-05,229,train
1924.1889259422219,,0.0,0.0,0.9058658436104492,0.4745858598541427,0.6143057847416008,1.9836004791310795e-05,0.6143057847416008,0.7745452241583185,1.9836004791310795e-05,230,train
1924.209491436298,,0.0,0.0,0.9055630865987843,0.4742393492342352,0.6176677958650904,1.8133133426090354e-05,0.6176677958650904,0.7737394407555297,1.8133133426090354e-05,231,train
1923.8040570269575,,0.0,0.0,0.9070513452802386,0.47234747737318605,0.6073218819859264,1.881052724759987e-05,0.6073218819859264,0.7783445486655602,1.881052724759987e-05,232,train
1924.1428088513048,,0.0,0.0,0.9064167232303827,0.4741564149384971,0.6125202100355547,2.022113221755717e-05,0.6125202100355547,0.7693767017060584,2.022113221755717e-05,233,train
1922.936762212397,,0.0,0.0,0.9062226790648241,0.4750496986148121,0.6141526581166865,1.952607053681277e-05,0.6141526581166865,0.7703136127073686,1.952607053681277e-05,234,train
1923.0559940547735,,0.0,0.0,0.9067344246329841,0.4739714811136434,0.6189178906299255,2.1679485507775097e-05,0.6189178906299255,0.7656778156102358,2.1679485507775097e-05,235,train
1923.33985045716,,0.0,0.0,0.9063020013190889,0.47339710390174783,0.6023330315128788,1.7504485716320534e-05,0.6023330315128788,0.7797129095255674,1.7504485716320534e-05,236,train
1922.7396052433894,,0.0,0.0,0.9060054397845007,0.474299306004912,0.6141562144179921,1.8600023986437007e-05,0.6141562144179921,0.7750235023079338,1.8600023986437007e-05,237,train
1922.936276614011,,0.0,0.0,0.9066540684018817,0.477006922187386,0.6115252120154244,1.9251383946539136e-05,0.6115252120154244,0.7756456667250329,1.9251383946539136e-05,238,train
2035.8045298258464,,0.41759901036921665,0.4192811351121803,0.8927525495489439,0.43459382106860484,,,,,,239,valid
1922.3201756739354,,0.0,0.0,0.9063047599006486,0.4752258004723014,0.604466866005908,2.4823631974868476e-05,0.604466866005908,0.7737443643611867,2.4823631974868476e-05,239,train
1922.586205786401,,0.0,0.0,0.9064978447589246,0.4750723817846277,0.6088106370234228,2.3519763211273433e-05,0.6088106370234228,0.7745261677018889,2.3519763211273433e-05,240,train
1922.0561121007897,,0.0,0.0,0.906492712340512,0.4769585584546184,0.6134498086604443,1.8775527390365217e-05,0.6134498086604443,0.770171853867206,1.8775527390365217e-05,241,train
1921.5109246222528,,0.0,0.0,0.9072075566092689,0.4769207336090423,0.6064919374146305,2.3427216880615258e-05,0.6064919374146305,0.7722787516457694,2.3427216880615258e-05,242,train
1921.4130684988838,,0.0,0.0,0.9072976143805535,0.47440235916074813,0.6014003868286426,1.889867893017557e-05,0.6014003868286426,0.7756162763951899,1.889867893017557e-05,243,train
1920.6614171960853,,0.0,0.0,0.9071414154964489,0.47430756367169885,0.6046202100895264,2.1803267494154473e-05,0.6046202100895264,0.7755050384081327,2.1803267494154473e-05,244,train
1921.4884167346327,,0.0,0.0,0.9065008957307416,0.47434639642526816,0.6146040856838226,2.3344096219564867e-05,0.6146040856838226,0.7739665036673075,2.3344096219564867e-05,245,train
1920.8429156292925,,0.0,0.0,0.9074616787197828,0.4771032482713133,0.6062659896337069,1.964216512533312e-05,0.6062659896337069,0.7769317882401603,1.964216512533312e-05,246,train
1920.4881953983515,,0.0,0.0,0.9065637029134309,0.4758944271685003,0.6076747378805182,1.850638905125379e-05,0.6076747378805182,0.7710499167442322,1.850638905125379e-05,247,train
1920.767360813015,,0.0,0.0,0.9060906896224388,0.4770081593440129,0.6034209561216962,1.9711132987746776e-05,0.6034209561216962,0.7789839381700033,1.9711132987746776e-05,248,train
2037.2940419514973,,0.42125599387953166,0.4234805389870691,0.8940773357947668,0.4395476723710696,,,,,,249,valid
1920.5669709928743,,0.0,0.0,0.9076897133837688,0.47709257497892277,0.6032525330454439,2.4848511263068455e-05,0.6032525330454439,0.779225325191414,2.4848511263068455e-05,249,train
1920.5563428270948,,0.0,0.0,0.9065542903575269,0.4765377068257594,0.6086047514454349,1.9730438058710812e-05,0.6086047514454349,0.7755269827423515,1.9730438058710812e-05,250,train
1919.3775822566106,,0.0,0.0,0.9071995477099994,0.47770442674448205,0.6055769484776717,2.0307364169032858e-05,0.6055769484776717,0.7723052220030145,2.0307364169032858e-05,251,train
1919.9049179580186,,0.0,0.0,0.9058689209131093,0.4737343257600134,0.6091194057857597,1.9440038992494617e-05,0.6091194057857597,0.7753528618550563,1.9440038992494617e-05,252,train
1919.5934589092549,,0.0,0.0,0.9065262769604778,0.4763383292889858,0.599016779071682,2.101183020689253e-05,0.599016779071682,0.7809612875456339,2.101183020689253e-05,253,train
1919.3121968363669,,0.0,0.0,0.9061915418603919,0.47870595992266474,0.6020831275772263,1.9830534529319267e-05,0.6020831275772263,0.7761766478255555,1.9830534529319267e-05,254,train
1919.0343272450207,,0.0,0.0,0.9063700723124074,0.47881451661770164,0.6065690501050635,2.0179346847726265e-05,0.6065690501050635,0.7765496995422866,2.0179346847726265e-05,255,train
1919.2855103880495,,0.0,0.0,0.9075353963034491,0.4744953703094314,0.6031291475007822,2.3093019141621577e-05,0.6031291475007822,0.7776616235355754,2.3093019141621577e-05,256,train
1918.9934591775411,,0.0,0.0,0.9069674320273348,0.47553432105661747,0.6004124689888168,2.086814198870949e-05,0.6004124689888168,0.7774721547797486,2.086814198870949e-05,257,train
1917.9101736886162,,0.0,0.0,0.9068576795714243,0.4763727785466792,0.6058797790453985,1.6024027157376016e-05,0.6058797790453985,0.7730238712750949,1.6024027157376016e-05,258,train
2034.5524495442708,,0.42146671837937877,0.42373004742741593,0.8942712128162383,0.43851161003112793,,,,,,259,valid
1918.424304333362,,0.0,0.0,0.9068520971706935,0.4796210448820513,0.5999072652596694,1.9248962295629705e-05,0.5999072652596694,0.7753156633167476,1.9248962295629705e-05,259,train
1917.510510119763,,0.0,0.0,0.9079951237846207,0.47818435456726577,0.6039969590339032,2.2556809108209562e-05,0.6039969590339032,0.774556000154097,2.2556809108209562e-05,260,train
1917.7577239654877,,0.0,0.0,0.9063151544267005,0.4776944545599131,0.6090962785285908,1.780283153796821e-05,0.6090962785285908,0.7730740970307655,1.780283153796821e-05,261,train
1918.070062993647,,0.0,0.0,0.9067395185376261,0.47922189746584204,0.6074294628022792,1.7821551045926755e-05,0.6074294628022792,0.7746314648743514,1.7821551045926755e-05,262,train
1917.6057719136331,,0.0,0.0,0.9065500098270375,0.47875721978617236,0.5968602296415266,1.5536614243198224e-05,0.5968602296415266,0.7823143942015511,1.5536614243198224e-05,263,train
1917.5245589371566,,0.0,0.0,0.9066787512747797,0.4764784972746293,0.6060318340966989,1.576505004171243e-05,0.6060318340966989,0.778862041431469,1.576505004171243e-05,264,train
1916.83787050352,,0.0,0.0,0.9071859021763224,0.48225616373858604,0.5995015262902438,1.5621512314586047e-05,0.5995015262902438,0.7753440803223914,1.5621512314586047e-05,265,train
1916.5057279146636,,0.0,0.0,0.9074586069190895,0.48051538821105116,0.5963878372868339,1.815430324919968e-05,0.5963878372868339,0.7815085158243285,1.815430324919968e-05,266,train
1917.1417638757728,,0.0,0.0,0.9065598622783196,0.47830257271672333,0.6140051477558011,1.7294923357743148e-05,0.6140051477558011,0.7704946575583992,1.7294923357743148e-05,267,train
1916.7636222420158,,0.0,0.0,0.906679912844857,0.4770158894769438,0.6009568031672593,1.927825099604282e-05,0.6009568031672593,0.7776264646551111,1.927825099604282e-05,268,train
2037.8665008544922,,0.4135311457255037,0.41564922225961176,0.9000439678629241,0.4269645298520724,,,,,,269,valid
1916.1868400154533,,0.0,0.0,0.9069151427719618,0.4791723635170486,0.6070517167285249,1.8974524194466844e-05,0.6070517167285249,0.7740846250083421,1.8974524194466844e-05,269,train
1916.155524285285,,0.0,0.0,0.9075178526260039,0.47574022222351237,0.6092911654121274,1.8392523118867152e-05,0.6092911654121274,0.7750692623002189,1.8392523118867152e-05,270,train
1916.426529769059,,0.0,0.0,0.9072747069400747,0.4778798670559139,0.599404472898651,1.6476236244974036e-05,0.599404472898651,0.7777280977794102,1.6476236244974036e-05,271,train
1915.7983800867103,,0.0,0.0,0.9065785063492073,0.47811725178917686,0.6052223935232057,1.4388712603855917e-05,0.6052223935232057,0.7757439862240801,1.4388712603855917e-05,272,train
1916.0463357443339,,0.0,0.0,0.9062538999777575,0.478666849057753,0.602317913547977,2.056367403990104e-05,0.602317913547977,0.7753471358791812,2.056367403990104e-05,273,train
1915.505163171789,,0.0,0.0,0.9072609513670534,0.47957753414636123,0.6103752317664387,1.777356395299042e-05,0.6103752317664387,0.7762211698752183,1.777356395299042e-05,274,train
1915.2256838620365,,0.0,0.0,0.9076896024274302,0.4819295935578398,0.6024874252277416,1.718751964290277e-05,0.6024874252277416,0.778045382473495,1.718751964290277e-05,275,train
1915.575926392943,,0.0,0.0,0.9073374439071824,0.4797523435655531,0.5912514250357073,1.4784520408284152e-05,0.5912514250357073,0.7757917858742096,1.4784520408284152e-05,276,train
1916.0246206430288,,0.0,0.0,0.9073776968232877,0.4775828377231137,0.6007267393908657,1.50202998459766e-05,0.6007267393908657,0.777692246568072,1.50202998459766e-05,277,train
1915.792226938101,,0.0,0.0,0.9069233303541666,0.48198824465929807,0.6016768803308298,1.3610135465569328e-05,0.6016768803308298,0.7727970258220211,1.3610135465569328e-05,278,train
2044.6598866780598,,0.4128125683323282,0.4148067661900625,0.8960201834638913,0.4346422543128332,,,,,,279,valid
1915.4803252167753,,0.0,0.0,0.9073333821453892,0.4796314197582203,0.6040452482936146,1.2309440520160326e-05,0.6040452482936146,0.7739303295428936,1.2309440520160326e-05,279,train
1914.948758638822,,0.0,0.0,0.9068631863856054,0.48038787501198904,0.6091474625435505,1.3121912555410139e-05,0.6091474625435505,0.7741976517897385,1.3121912555410139e-05,280,train
1914.748549912002,,0.0,0.0,0.9070115652713147,0.47914559841156007,0.5994120099387326,1.0870441246879637e-05,0.5994120099387326,0.774531370990879,1.0870441246879637e-05,281,train
1915.211660531851,,0.0,0.0,0.9069303330484326,0.48044548178767105,0.6015217300954756,1.2699828084805631e-05,0.6015217300954756,0.7811392781498668,1.2699828084805631e-05,282,train
1915.191654414921,,0.0,0.0,0.9072772219940857,0.4784857504970425,0.6034836847703535,1.2667841701841098e-05,0.6034836847703535,0.7745121940151676,1.2667841701841098e-05,283,train
1914.2566400884273,,0.0,0.0,0.9074073187597504,0.4792929372944674,0.5969374454938449,1.3012971476200618e-05,0.5969374454938449,0.780311630322383,1.3012971476200618e-05,284,train
1914.8135865599245,,0.0,0.0,0.9068898369977761,0.4811634840546073,0.5951665404078724,9.737853937015946e-06,0.5951665404078724,0.779160452413035,9.737853937015946e-06,285,train
1913.797819368132,,0.0,0.0,0.9074509255178682,0.4814856068118589,0.5959012803140578,1.1257728920099907e-05,0.5959012803140578,0.7793726076136579,1.1257728920099907e-05,286,train
1913.977331140539,,0.0,0.0,0.9074004875434623,0.47907934162642934,0.6049886981209556,1.2969584486199891e-05,0.6049886981209556,0.7764626990307818,1.2969584486199891e-05,287,train
1914.0620707417581,,0.0,0.0,0.9075793168046973,0.4786189688431038,0.600499981379771,1.017143371579247e-05,0.600499981379771,0.7737313253538949,1.017143371579247e-05,288,train
2041.196268717448,,0.41463366359559295,0.417226567823344,0.8958184565107028,0.44009051422278084,,,,,,289,valid
1913.7908479459993,,0.0,0.0,0.9077077589192234,0.48145657031090705,0.6020983909512614,1.2103614562875008e-05,0.6020983909512614,0.778915965950096,1.2103614562875008e-05,289,train
1913.0584730211194,,0.0,0.0,0.9081190922758083,0.48263162387596376,0.5953588125469921,1.120345585453227e-05,0.5953588125469921,0.7827086350420019,1.120345585453227e-05,290,train
1913.2953256460337,,0.0,0.0,0.9073896629469733,0.48004343679973055,0.5968157717814813,1.3539772726289812e-05,0.5968157717814813,0.7794682108438932,1.3539772726289812e-05,291,train
1912.9603875128778,,0.0,0.0,0.9078201034566858,0.48228632277184785,0.5969694879028823,1.8740054080505313e-05,0.5969694879028823,0.7784432546123043,1.8740054080505313e-05,292,train
1912.877696278331,,0.0,0.0,0.9068974103246416,0.48218970888263574,0.5986944718675299,2.025938861152099e-05,0.5986944718675299,0.7765484583246839,2.025938861152099e-05,293,train
1912.6165623926854,,0.0,0.0,0.9074962490207548,0.4837790165628706,0.5989265006322128,1.403599517288967e-05,0.5989265006322128,0.7764783724323734,1.403599517288967e-05,294,train
1913.0111513242616,,0.0,0.0,0.9076336074661423,0.4808399495187696,0.596642445076953,1.4030355714567122e-05,0.596642445076953,0.7785070420621516,1.4030355714567122e-05,295,train
1912.6094085358002,,0.0,0.0,0.9073857100455315,0.48038735088411266,0.6046912322987567,1.5010113035411147e-05,0.6046912322987567,0.7775770248947563,1.5010113035411147e-05,296,train
1913.0205963470123,,0.0,0.0,0.9075123745006519,0.48050117007978665,0.5884232131334451,1.3635999327258711e-05,0.5884232131334451,0.7837988832494714,1.3635999327258711e-05,297,train
1912.2012215079842,,0.0,0.0,0.9076149133535529,0.4813537044839545,0.598385221355564,1.3192824599173037e-05,0.598385221355564,0.7747668820423085,1.3192824599173037e-05,298,train
2041.1822560628254,,0.4132036852445696,0.41524241675075163,0.8948039794961611,0.4297580982247989,,,,,,299,valid
1912.411130129636,,0.0,0.0,0.9083799309782931,0.481520543386648,0.59201568037599,1.3087361336753626e-05,0.59201568037599,0.7823861182390989,1.3087361336753626e-05,299,train
1912.2452003562844,,0.0,0.0,0.9069121119740245,0.48005721333262685,0.6033267614605663,1.3707154145474003e-05,0.6033267614605663,0.7770041653088161,1.3707154145474003e-05,300,train
1911.9273534083104,,0.0,0.0,0.9076751830813651,0.482677366576352,0.5970542335903252,1.2621684390978771e-05,0.5970542335903252,0.7802511971075456,1.2621684390978771e-05,301,train
1912.1514060890281,,0.0,0.0,0.9072025830929096,0.48183173884402253,0.5925308295658657,1.0675900019426384e-05,0.5925308295658657,0.7806528407138783,1.0675900019426384e-05,302,train
1911.8854202438188,,0.0,0.0,0.9082362619075146,0.4799284205331908,0.5972109997010493,8.849307331123176e-06,0.5972109997010493,0.7783660161626208,8.849307331123176e-06,303,train
1912.224106337998,,0.0,0.0,0.9071652904971614,0.4844701067431943,0.5995529991584819,9.223761965889328e-06,0.5995529991584819,0.7761207367037679,9.223761965889328e-06,304,train
1911.8274220896292,,0.0,0.0,0.9078122905322483,0.4810699996057447,0.5899164624266572,8.568739834421043e-06,0.5899164624266572,0.7774668755112114,8.568739834421043e-06,305,train
1912.1998398330186,,0.0,0.0,0.9066186938967024,0.48092334073978454,0.5928855397544064,1.161238897111616e-05,0.5928855397544064,0.7784126237198546,1.161238897111616e-05,306,train
1911.4959757039835,,0.0,0.0,0.9074778344604993,0.47986546912036093,0.6007132815135704,1.2298465071580722e-05,0.6007132815135704,0.7769378626739586,1.2298465071580722e-05,307,train
1911.2924254700379,,0.0,0.0,0.9073529113780011,0.48171740324942625,0.5957128536570203,1.0059473531024803e-05,0.5957128536570203,0.7766910634198032,1.0059473531024803e-05,308,train
2042.6177368164062,,0.412023563359764,0.4143799243679312,0.8930383364359539,0.4436900104085604,,,,,,309,valid
1910.5700120192307,,0.0,0.0,0.9075776638565484,0.4808065348929101,0.597802989757978,1.0247609604145206e-05,0.597802989757978,0.7778915782551189,1.0247609604145206e-05,309,train
1910.983367584564,,0.0,0.0,0.9075427634375437,0.4836957315822224,0.5992445113894703,9.3665062877335e-06,0.5992445113894703,0.7814103063646254,9.3665062877335e-06,310,train
1911.201139680632,,0.0,0.0,0.9069693680647963,0.48319612020974617,0.6037650055937714,6.357196472587626e-06,0.6037650055937714,0.7772928188135336,6.357196472587626e-06,311,train
1910.9021479009273,,0.0,0.0,0.9077032592270403,0.48105577191153726,0.5923006780199952,5.6419543398078534e-06,0.5923006780199952,0.7827144271724826,5.6419543398078534e-06,312,train
1911.1868185525411,,0.0,0.0,0.9073977062990377,0.4805996314509884,0.5910577043727204,6.3941920567837466e-06,0.5910577043727204,0.7796922365387717,6.3941920567837466e-06,313,train
1910.9801950978708,,0.0,0.0,0.9071308492304204,0.4827519597588005,0.5972636414098216,1.0349668878006924e-05,0.5972636414098216,0.7788906667258714,1.0349668878006924e-05,314,train
1910.3862961989182,,0.0,0.0,0.9076422675625309,0.48336846933260064,0.5919548744683737,1.1012829554601922e-05,0.5919548744683737,0.777530951159341,1.1012829554601922e-05,315,train
1910.4400916466345,,0.0,0.0,0.9072840112906236,0.4835369522754963,0.584057839689674,1.1941668602351758e-05,0.584057839689674,0.784207108256581,1.1941668602351758e-05,316,train
1910.129915006868,,0.0,0.0,0.9076338659276018,0.481014729987134,0.6015525856515863,1.1768395688704914e-05,0.6015525856515863,0.7816910802663027,1.1768395688704914e-05,317,train
1909.5033495557177,,0.0,0.0,0.9080976314597078,0.4847218706057622,0.5928032925495734,1.5061646687778799e-05,0.5928032925495734,0.7816341532455696,1.5061646687778799e-05,318,train
2046.704828898112,,0.4083538026998026,0.41112704163284736,0.89502724558115,0.43731299241383875,,,,,,319,valid
1909.9202840616415,,0.0,0.0,0.9080397188008484,0.48026185874100563,0.5913770601644621,1.299502290142603e-05,0.5913770601644621,0.7813744361584003,1.299502290142603e-05,319,train
1909.839630462311,,0.0,0.0,0.907798891408103,0.48394897416397764,0.5910966386506845,1.1463391062231192e-05,0.5910966386506845,0.781849905029758,1.1463391062231192e-05,320,train
1909.5047862293957,,0.0,0.0,0.9078443149943927,0.48352789839545457,0.6001369484833309,1.1611450387742176e-05,0.6001369484833309,0.7733439082627768,1.1611450387742176e-05,321,train
1909.2424061534168,,0.0,0.0,0.9077080053287548,0.4823680639266969,0.5934061060894976,1.0110296792239144e-05,0.5934061060894976,0.7824912110527793,1.0110296792239144e-05,322,train
1909.3023762126545,,0.0,0.0,0.9075636371151431,0.4822783268415011,0.5879701883583278,1.3039061104791472e-05,0.5879701883583278,0.7811564174327221,1.3039061104791472e-05,323,train
1908.936794406765,,0.0,0.0,0.9078285584082969,0.4854641563289768,0.5912055749814589,1.8977228440538358e-05,0.5912055749814589,0.7830528977153065,1.8977228440538358e-05,324,train
1909.0755816449175,,0.0,0.0,0.9076335039767591,0.4834656597493769,0.5953717323449942,1.8890507211229608e-05,0.5953717323449942,0.7770216360196962,1.8890507211229608e-05,325,train
1908.5260707310267,,0.0,0.0,0.9080538069808874,0.48457374520354213,0.5928457100967784,1.9913994052937292e-05,0.5928457100967784,0.779913917347625,1.9913994052937292e-05,326,train
1909.1334362658827,,0.0,0.0,0.9076868046771039,0.48557994876589095,0.5918172326061751,1.5630918702906153e-05,0.5918172326061751,0.7776255299756815,1.5630918702906153e-05,327,train
1908.9514763800653,,0.0,0.0,0.908327354310633,0.4837671691244776,0.5892601959652953,1.5066943766820866e-05,0.5892601959652953,0.7801587961532257,1.5066943766820866e-05,328,train
2045.2728729248047,,0.4158299093761519,0.4185622576697244,0.8965186839302381,0.44400729437669123,,,,,,329,valid
1909.038823725103,,0.0,0.0,0.9078434917952989,0.4849367904139089,0.5872860177532657,1.4346923201931834e-05,0.5872860177532657,0.7828208712431101,1.4346923201931834e-05,329,train
1908.513639680632,,0.0,0.0,0.9075221611903262,0.48405400645601876,0.5882960918185475,1.3234510576391283e-05,0.5882960918185475,0.7833445045974229,1.3234510576391283e-05,330,train
1908.300518329327,,0.0,0.0,0.9085616743171607,0.48462656959072575,0.5806630080217844,1.3055464448067748e-05,0.5806630080217844,0.7846039802163511,1.3055464448067748e-05,331,train
1908.3838105254122,,0.0,0.0,0.9082295064087753,0.4842777611135126,0.5889450445934966,1.1739489233756709e-05,0.5889450445934966,0.7828673943058475,1.1739489233756709e-05,332,train
1907.9838089156938,,0.0,0.0,0.9077066318019406,0.48273880429320287,0.5854236247775318,1.1663217082968914e-05,0.5854236247775318,0.7854449781742725,1.1663217082968914e-05,333,train
1907.677028781765,,0.0,0.0,0.9075141243882231,0.4832620622037532,0.589447890664195,1.1749793172081506e-05,0.589447890664195,0.7804204533388327,1.1749793172081506e-05,334,train
1908.163550072974,,0.0,0.0,0.9074683064942831,0.485259289269919,0.5905517722879138,1.3131272650449925e-05,0.5905517722879138,0.7819496550402798,1.3131272650449925e-05,335,train
1908.3826595767514,,0.0,0.0,0.9075096515508798,0.48245272413714896,0.5929377524407355,1.2782207340933382e-05,0.5929377524407355,0.779897921032958,1.2782207340933382e-05,336,train
1908.0106576772837,,0.0,0.0,0.9078955152532556,0.4836631751322485,0.5894879338505504,1.3374596210269375e-05,0.5894879338505504,0.785400920516842,1.3374596210269375e-05,337,train
1907.5746319110576,,0.0,0.0,0.9082820539946085,0.48150513211449425,0.5834237808709616,1.3530723981602932e-05,0.5834237808709616,0.7791575396453941,1.3530723981602932e-05,338,train
2048.9401499430337,,0.414591090804237,0.41711831654561066,0.8958207855621975,0.4320065061251322,,,,,,339,valid
1907.2120938143887,,0.0,0.0,0.9088564174515859,0.48422171702751743,0.5918206909855643,1.4419203474365834e-05,0.5918206909855643,0.783705337361975,1.4419203474365834e-05,339,train
1907.4442165500516,,0.0,0.0,0.9080975608511285,0.48349947457785136,0.5878291768687112,1.586678060145156e-05,0.5878291768687112,0.781073354102753,1.586678060145156e-05,340,train
1907.5638749678055,,0.0,0.0,0.9079159122246964,0.4835276868317153,0.5883264577650762,1.1046520982442114e-05,0.5883264577650762,0.783733525118985,1.1046520982442114e-05,341,train
1907.7802559988838,,0.0,0.0,0.9075367353774688,0.480885516156207,0.5857761901813548,1.0060475309122316e-05,0.5857761901813548,0.7827557744560661,1.0060475309122316e-05,342,train
1907.3107346754807,,0.0,0.0,0.9078936781202044,0.48238612164507855,0.5902409415978652,1.0361520162405214e-05,0.5902409415978652,0.7778882200901325,1.0361520162405214e-05,343,train
1907.231437263908,,0.0,0.0,0.9083491457687628,0.4843310090211722,0.585182113961859,1.1923446421254387e-05,0.585182113961859,0.7876774459094792,1.1923446421254387e-05,344,train
1906.867639562586,,0.0,0.0,0.9082156017586426,0.48314204124303967,0.5892509261330405,1.313472477401471e-05,0.5892509261330405,0.7810482205925408,1.313472477401471e-05,345,train
1907.3108701601134,,0.0,0.0,0.9083627721765538,0.4859271578736357,0.5864211016303891,1.0497541946582108e-05,0.5864211016303891,0.7808294512413361,1.0497541946582108e-05,346,train
1907.1539963942307,,0.0,0.0,0.9084603251991692,0.48568808600142777,0.5854833977563041,1.0037707382556011e-05,0.5854833977563041,0.7851195544986934,1.0037707382556011e-05,347,train
1906.493392105941,,0.0,0.0,0.9080286819856246,0.4872245810844086,0.5848646294939649,9.348241489230228e-06,0.5848646294939649,0.7807534612142123,9.348241489230228e-06,348,train
2045.4427541097004,,0.4069010414297842,0.4096959702977254,0.8946815490722656,0.44497519383827844,,,,,,349,valid
1906.8360166444884,,0.0,0.0,0.9077973479753013,0.48682724014743345,0.5893059883798871,1.0716024886884649e-05,0.5893059883798871,0.7871670290664002,1.0716024886884649e-05,349,train
1906.5667697780734,,0.0,0.0,0.9077029488898896,0.48564125875850295,0.5865222634849968,1.0620129144930008e-05,0.5865222634849968,0.7758262445638467,1.0620129144930008e-05,350,train
1906.738073328039,,0.0,0.0,0.907921977226551,0.48340037917042816,0.5918143830456577,1.4808512560193776e-05,0.5918143830456577,0.7797176497323173,1.4808512560193776e-05,351,train
1906.6326381138392,,0.0,0.0,0.908572642488794,0.4840134873494998,0.5882374179232251,1.3211474530786897e-05,0.5882374179232251,0.7791545168384091,1.3211474530786897e-05,352,train
1906.4100958855597,,0.0,0.0,0.9079106188082434,0.48435476599158817,0.5876359625177069,1.186596690179916e-05,0.5876359625177069,0.7835424411427844,1.186596690179916e-05,353,train
1906.1580220316794,,0.0,0.0,0.9083126858040528,0.48533798259693184,0.5828937927445212,8.985405202110996e-06,0.5828937927445212,0.7839006113482045,8.985405202110996e-06,354,train
1906.0981968470983,,0.0,0.0,0.9082387354347733,0.4837983367207286,0.5762611712728228,1.1182476070340878e-05,0.5762611712728228,0.7871580529998947,1.1182476070340878e-05,355,train
1905.7599386697286,,0.0,0.0,0.9079035838881693,0.4870932309182135,0.5856267911392253,1.0207357020893444e-05,0.5856267911392253,0.776462666280977,1.0207357020893444e-05,356,train
1905.646238892943,,0.0,0.0,0.9086167213680981,0.48414179702381516,0.5826346274915633,1.1162661333704212e-05,0.5826346274915633,0.7859255108204517,1.1162661333704212e-05,357,train
1906.0988300030049,,0.0,0.0,0.9081826301721423,0.4843406039279895,0.5857678396361214,1.1579326822660125e-05,0.5857678396361214,0.7784563473292759,1.1579326822660125e-05,358,train
2042.414759318034,,0.4056173474637739,0.4082652342631296,0.8900928998986881,0.440157875418663,,,,,,359,valid
1906.067150744763,,0.0,0.0,0.9086231518577745,0.485744191657056,0.5833918272138952,1.2609999445582314e-05,0.5833918272138952,0.7835903285623906,1.2609999445582314e-05,359,train
1905.6728918054603,,0.0,0.0,0.907804968723884,0.4861999720007508,0.5816740911085527,1.1455707529724653e-05,0.5816740911085527,0.786250100686,1.1455707529724653e-05,360,train
1906.064441052112,,0.0,0.0,0.9078138690728407,0.48737499006501916,0.5790087695305164,8.087201551158312e-06,0.5790087695305164,0.7898801414521186,8.087201551158312e-06,361,train
1905.0082457825379,,0.0,0.0,0.9081223531083744,0.48513354678730397,0.5851598663644476,6.9927097456456975e-06,0.5851598663644476,0.7850269380506578,6.9927097456456975e-06,362,train
1905.6693155477335,,0.0,0.0,0.9073963961758454,0.48425708891271235,0.5946098127207913,7.751011344225844e-06,0.5946098127207913,0.7757888455967327,7.751011344225844e-06,363,train
1906.147676908053,,0.0,0.0,0.9082950261922984,0.4849997392067543,0.5856556751570858,8.974033319949133e-06,0.5856556751570858,0.7780307302108178,8.974033319949133e-06,364,train
1905.1256787645948,,0.0,0.0,0.9083655063922589,0.4833944116319928,0.5811884141230321,1.0616828922138665e-05,0.5811884141230321,0.7850058740311927,1.0616828922138665e-05,365,train
1904.8680513822114,,0.0,0.0,0.9089917061093089,0.4852998247513404,0.5811705438645332,9.20382503863948e-06,0.5811705438645332,0.7839915228414012,9.20382503863948e-06,366,train
1904.5876719715832,,0.0,0.0,0.9082466530275868,0.4843262524395198,0.585764617382825,7.466879757582016e-06,0.585764617382825,0.7834803881226006,7.466879757582016e-06,367,train
1905.3544412130839,,0.0,0.0,0.9081099393603566,0.4872381685854314,0.5820803301674979,1.1793197260582626e-05,0.5820803301674979,0.782520157295269,1.1793197260582626e-05,368,train
2052.916478474935,,0.41044899513957317,0.4127411606733813,0.8939226597547533,0.4401847094297409,,,,,,369,valid
1904.905777815934,,0.0,0.0,0.9083400752518203,0.4871781645240364,0.5872470202681782,9.74192395612287e-06,0.5872470202681782,0.7854725770897918,9.74192395612287e-06,369,train
1904.8432000128778,,0.0,0.0,0.9083230918580361,0.48556584211496207,0.5832428100344899,7.864343312273073e-06,0.5832428100344899,0.7845548941538885,7.864343312273073e-06,370,train
1904.5529060782967,,0.0,0.0,0.9088479349901387,0.48695276530234366,0.5805901259511381,9.909180334943812e-06,0.5805901259511381,0.7861764090401786,9.909180334943812e-06,371,train
1904.9808470338255,,0.0,0.0,0.9086109748253456,0.48363249524609075,0.5760691866769896,1.0868076515180292e-05,0.5760691866769896,0.7838195208664779,1.0868076515180292e-05,372,train
1904.5130494505495,,0.0,0.0,0.9076404266305022,0.48469447775201485,0.5889887737703847,9.831383348076391e-06,0.5889887737703847,0.7844164574539269,9.831383348076391e-06,373,train
1904.8927753155049,,0.0,0.0,0.9076620775264698,0.48541052406960794,0.5826382430700155,1.0705013695163264e-05,0.5826382430700155,0.7850833273195958,1.0705013695163264e-05,374,train
1904.7650696471496,,0.0,0.0,0.9083103572929299,0.48720009143535914,0.5895932988151089,9.900859110227126e-06,0.5895932988151089,0.7829225764169798,9.900859110227126e-06,375,train
1904.0795200892858,,0.0,0.0,0.9089103595241087,0.48457110687926586,0.5857042794699198,1.0321815943825641e-05,0.5857042794699198,0.7835919699826084,1.0321815943825641e-05,376,train
1903.8572354159512,,0.0,0.0,0.9084395400770416,0.4834991993484916,0.5786771070171188,1.1111239518868388e-05,0.5786771070171188,0.7885587189223741,1.1111239518868388e-05,377,train
1904.0138623583448,,0.0,0.0,0.9077359815220256,0.4871903178456065,0.5810725839583428,9.965421259039432e-06,0.5810725839583428,0.7864895738088168,9.965421259039432e-06,378,train
2053.7435455322266,,0.4082733461984338,0.41129288804471303,0.8930647045373915,0.43687096734841663,,,,,,379,valid
1904.323451450893,,0.0,0.0,0.9077365825464437,0.48437760596746937,0.5875663197302556,9.474105475722656e-06,0.5875663197302556,0.7828551216439886,9.474105475722656e-06,379,train
1904.5340213985235,,0.0,0.0,0.9083817749233037,0.48283046117195705,0.5807399946254689,1.2186034033826824e-05,0.5807399946254689,0.7863079676261315,1.2186034033826824e-05,380,train
1903.968957921961,,0.0,0.0,0.9089365564859831,0.4868328701008808,0.5853884154623681,1.1868280853377656e-05,0.5853884154623681,0.7832899787923792,1.1868280853377656e-05,381,train
1903.7406166831215,,0.0,0.0,0.9085917382449894,0.4867113391121666,0.5832328390289139,1.0424773957614283e-05,0.5832328390289139,0.7830778681314908,1.0424773957614283e-05,382,train
1903.404538332761,,0.0,0.0,0.9086372227459163,0.48818917628173,0.5788035890558264,1.0159943682689724e-05,0.5788035890558264,0.7828440875797481,1.0159943682689724e-05,383,train
1903.024654178829,,0.0,0.0,0.9088196700745887,0.4866256779366797,0.5786584298034291,8.5373867477756e-06,0.5786584298034291,0.786520201426286,8.5373867477756e-06,384,train
1903.5377237508585,,0.0,0.0,0.9080388679609195,0.4851931713439605,0.5798993677228361,9.540906338164254e-06,0.5798993677228361,0.7906178353906987,9.540906338164254e-06,385,train
1903.289780166123,,0.0,0.0,0.9080396546112313,0.48646569016215574,0.5813416900870564,1.1483508463546363e-05,0.5813416900870564,0.7849152382913527,1.1483508463546363e-05,386,train
1903.6968886826064,,0.0,0.0,0.908449194588504,0.48666273499583157,0.5828606754868895,1.2252153161777339e-05,0.5828606754868895,0.7840605070302774,1.2252153161777339e-05,387,train
1903.0380336216517,,0.0,0.0,0.908128001139714,0.4868309668132238,0.5862326612184335,8.550906636628497e-06,0.5862326612184335,0.7814531653791994,8.550906636628497e-06,388,train
2054.078669230143,,0.40778319131366686,0.41008438653493906,0.8964846685528757,0.4403470546007156,,,,,,389,valid
1902.7966751266313,,0.0,0.0,0.9092774865391492,0.4872002892441802,0.5771151109711155,1.2034295862880147e-05,0.5771151109711155,0.7860554404311128,1.2034295862880147e-05,389,train
1902.998992584564,,0.0,0.0,0.9083823059941387,0.4896140257080833,0.5822433665558532,1.1313981652468404e-05,0.5822433665558532,0.7855094291351654,1.1313981652468404e-05,390,train
1903.26222715273,,0.0,0.0,0.9085084151435684,0.4876293788899431,0.5871679150796199,1.19199619803112e-05,0.5871679150796199,0.7797719069889614,1.19199619803112e-05,391,train
1903.035435267857,,0.0,0.0,0.909050265118316,0.48533876688925776,0.5806502378903903,9.536359819624825e-06,0.5806502378903903,0.7889643756897895,9.536359819624825e-06,392,train
1902.3698207310267,,0.0,0.0,0.9084207661859284,0.4859741569875361,0.5839203792613942,9.19665437019527e-06,0.5839203792613942,0.7844240089039226,9.19665437019527e-06,393,train
1902.5258534190418,,0.0,0.0,0.9086416131847508,0.4861101568400205,0.5778576734956804,1.136889988326099e-05,0.5778576734956804,0.7851821976703602,1.136889988326099e-05,394,train
1902.0544889680632,,0.0,0.0,0.9085912907516563,0.4883246658922552,0.573997893176236,1.2081601441119954e-05,0.573997893176236,0.7899968119767996,1.2081601441119954e-05,395,train
1902.604457310268,,0.0,0.0,0.9088796578920805,0.4878730601006811,0.5829005893115159,1.105788398187239e-05,0.5829005893115159,0.7848944939099826,1.105788398187239e-05,396,train
1902.6661175738325,,0.0,0.0,0.908763808470506,0.48733238531992984,0.5768800934592446,9.050928861142893e-06,0.5768800934592446,0.7863788722635625,9.050928861142893e-06,397,train
1902.1391306447458,,0.0,0.0,0.907941324894245,0.4885834235411423,0.5757708516749707,8.614965395281615e-06,0.5757708516749707,0.7900091114934984,8.614965395281615e-06,398,train
2049.3324127197266,,0.4090483904856252,0.4115314793067859,0.8927496393521627,0.4369849607348442,,,,,,399,valid
1902.3702540135646,,0.0,0.0,0.9081010992710408,0.48914683651138136,0.5840909333674462,9.788410125111113e-06,0.5840909333674462,0.7815726759669545,9.788410125111113e-06,399,train
